"","link"
"1","http://www.imdb.com/title/tt1683526"
"2","http://www.imdb.com/title/tt1291584"
"3","http://www.imdb.com/title/tt1605783"
"4","http://www.imdb.com/title/tt0945513"
"5","http://www.imdb.com/title/tt1568346"
"6","http://www.imdb.com/title/tt0770802"
"7","http://www.imdb.com/title/tt1454029"
"8","http://www.imdb.com/title/tt1436562"
"9","http://www.imdb.com/title/tt1210166"
"10","http://www.imdb.com/title/tt1568911"
"11","http://www.imdb.com/title/tt1742683"
"12","http://www.imdb.com/title/tt1270798"
"13","http://www.imdb.com/title/tt1596343"
"14","http://www.imdb.com/title/tt0970179"
"15","http://www.imdb.com/title/tt1615147"
"16","http://www.imdb.com/title/tt1389137"
"17","http://www.imdb.com/title/tt0433035"
"18","http://www.imdb.com/title/tt1229238"
"19","http://www.imdb.com/title/tt1302011"
"20","http://www.imdb.com/title/tt1613062"
"21","http://www.imdb.com/title/tt1219289"
"22","http://www.imdb.com/title/tt1596346"
"23","http://www.imdb.com/title/tt1192628"
"24","http://www.imdb.com/title/tt1957945"
"25","http://www.imdb.com/title/tt1554091"
"26","http://www.imdb.com/title/tt1318514"
"27","http://www.imdb.com/title/tt1591095"
"28","http://www.imdb.com/title/tt1532503"
"29","http://www.imdb.com/title/tt1306980"
"30","http://www.imdb.com/title/tt0478304"
"31","http://www.imdb.com/title/tt1895299"
"32","http://www.imdb.com/title/tt0983193"
"33","http://www.imdb.com/title/tt1033575"
"34","http://www.imdb.com/title/tt1541160"
"35","http://www.imdb.com/title/tt1570728"
"36","http://www.imdb.com/title/tt1969903"
"37","http://www.imdb.com/title/tt1515091"
"38","http://www.imdb.com/title/tt0780504"
"39","http://www.imdb.com/title/tt1298650"
"40","http://www.imdb.com/title/tt1189340"
"41","http://www.imdb.com/title/tt1637688"
"42","http://www.imdb.com/title/tt1859505"
"43","http://www.imdb.com/title/tt1294688"
"44","http://www.imdb.com/title/tt0896872"
"45","http://www.imdb.com/title/tt1549572"
"46","http://www.imdb.com/title/tt0448694"
"47","http://www.imdb.com/title/tt1023114"
"48","http://www.imdb.com/title/tt1411238"
"49","http://www.imdb.com/title/tt1655420"
"50","http://www.imdb.com/title/tt1385826"
"51","http://www.imdb.com/title/tt1631707"
"52","http://www.imdb.com/title/tt1478338"
"53","http://www.imdb.com/title/tt2066040"
"54","http://www.imdb.com/title/tt1564367"
"55","http://www.imdb.com/title/tt1498569"
"56","http://www.imdb.com/title/tt2065968"
"57","http://www.imdb.com/title/tt1563738"
"58","http://www.imdb.com/title/tt1399103"
"59","http://www.imdb.com/title/tt1632708"
"60","http://www.imdb.com/title/tt0472181"
"61","http://www.imdb.com/title/tt1396218"
"62","http://www.imdb.com/title/tt1853739"
"63","http://www.imdb.com/title/tt1663641"
"64","http://www.imdb.com/title/tt1778342"
"65","http://www.imdb.com/title/tt1223236"
"66","http://www.imdb.com/title/tt1499658"
"67","http://www.imdb.com/title/tt1216475"
"68","http://www.imdb.com/title/tt1355644"
"69","http://www.imdb.com/title/tt1403177"
"70","http://www.imdb.com/title/tt0881320"
"71","http://www.imdb.com/title/tt1914302"
"72","http://www.imdb.com/title/tt1645080"
"73","http://www.imdb.com/title/tt0472399"
"74","http://www.imdb.com/title/tt1810633"
"75","http://www.imdb.com/title/tt0800369"
"76","http://www.imdb.com/title/tt1401152"
"77","http://www.imdb.com/title/tt1985204"
"78","http://www.imdb.com/title/tt0458339"
"79","http://www.imdb.com/title/tt2167961"
"80","http://www.imdb.com/title/tt1411697"
"81","http://www.imdb.com/title/tt1825918"
"82","http://www.imdb.com/title/tt1622979"
"83","http://www.imdb.com/title/tt1865425"
"84","http://www.imdb.com/title/tt1416801"
"85","http://www.imdb.com/title/tt1787777"
"86","http://www.imdb.com/title/tt1201607"
"87","http://www.imdb.com/title/tt1646967"
"88","http://www.imdb.com/title/tt1509767"
"89","http://www.imdb.com/title/tt1790867"
"90","http://www.imdb.com/title/tt1226753"
"91","http://www.imdb.com/title/tt0978764"
"92","http://www.imdb.com/title/tt1598778"
"93","http://www.imdb.com/title/tt1430607"
"94","http://www.imdb.com/title/tt1512235"
"95","http://www.imdb.com/title/tt1488555"
"96","http://www.imdb.com/title/tt1650062"
"97","http://www.imdb.com/title/tt0795459"
"98","http://www.imdb.com/title/tt1361787"
"99","http://www.imdb.com/title/tt1296898"
"100","http://www.imdb.com/title/tt0480239"
"101","http://www.imdb.com/title/tt1564349"
"102","http://www.imdb.com/title/tt1324999"
"103","http://www.imdb.com/title/tt1402488"
"104","http://www.imdb.com/title/tt1650043"
"105","http://www.imdb.com/title/tt1067583"
"106","http://www.imdb.com/title/tt0905372"
"107","http://www.imdb.com/title/tt1784538"
"108","http://www.imdb.com/title/tt1680059"
"109","http://www.imdb.com/title/tt1492030"
"110","http://www.imdb.com/title/tt1510938"
"111","http://www.imdb.com/title/tt1813561"
"112","http://www.imdb.com/title/tt1939585"
"113","http://www.imdb.com/title/tt1726669"
"114","http://www.imdb.com/title/tt1464540"
"115","http://www.imdb.com/title/tt1217613"
"116","http://www.imdb.com/title/tt1486185"
"117","http://www.imdb.com/title/tt2100546"
"118","http://www.imdb.com/title/tt1675192"
"119","http://www.imdb.com/title/tt0376136"
"120","http://www.imdb.com/title/tt0993842"
"121","http://www.imdb.com/title/tt1781069"
"122","http://www.imdb.com/title/tt1672723"
"123","http://www.imdb.com/title/tt1680060"
"124","http://www.imdb.com/title/tt2011109"
"125","http://www.imdb.com/title/tt1811293"
"126","http://www.imdb.com/title/tt1441326"
"127","http://www.imdb.com/title/tt1727252"
"128","http://www.imdb.com/title/tt1701976"
"129","http://www.imdb.com/title/tt1985970"
"130","http://www.imdb.com/title/tt1657507"
"131","http://www.imdb.com/title/tt2078690"
"132","http://www.imdb.com/title/tt1860355"
"133","http://www.imdb.com/title/tt0429087"
"134","http://www.imdb.com/title/tt1844124"
"135","http://www.imdb.com/title/tt0471042"
"136","http://www.imdb.com/title/tt1449283"
"137","http://www.imdb.com/title/tt1561755"
"138","http://www.imdb.com/title/tt1582271"
"139","http://www.imdb.com/title/tt1972663"
"140","http://www.imdb.com/title/tt1242642"
"141","http://www.imdb.com/title/tt1979860"
"142","http://www.imdb.com/title/tt1780441"
"143","http://www.imdb.com/title/tt1757576"
"144","http://www.imdb.com/title/tt1107319"
"145","http://www.imdb.com/title/tt1321860"
"146","http://www.imdb.com/title/tt1606180"
"147","http://www.imdb.com/title/tt1598822"
"148","http://www.imdb.com/title/tt1699225"
"149","http://www.imdb.com/title/tt1520494"
"150","http://www.imdb.com/title/tt1204342"
"151","http://www.imdb.com/title/tt2006276"
"152","http://www.imdb.com/title/tt1067774"
"153","http://www.imdb.com/title/tt1133985"
"154","http://www.imdb.com/title/tt2028530"
"155","http://www.imdb.com/title/tt2063834"
"156","http://www.imdb.com/title/tt1715873"
"157","http://www.imdb.com/title/tt1833285"
"158","http://www.imdb.com/title/tt1448755"
"159","http://www.imdb.com/title/tt0990407"
"160","http://www.imdb.com/title/tt1262421"
"161","http://www.imdb.com/title/tt0491152"
"162","http://www.imdb.com/title/tt1753460"
"163","http://www.imdb.com/title/tt1630036"
"164","http://www.imdb.com/title/tt1972646"
"165","http://www.imdb.com/title/tt1113829"
"166","http://www.imdb.com/title/tt1628055"
"167","http://www.imdb.com/title/tt1253864"
"168","http://www.imdb.com/title/tt1682181"
"169","http://www.imdb.com/title/tt1536410"
"170","http://www.imdb.com/title/tt1833988"
"171","http://www.imdb.com/title/tt1555064"
"172","http://www.imdb.com/title/tt2088029"
"173","http://www.imdb.com/title/tt1817059"
"174","http://www.imdb.com/title/tt2050239"
"175","http://www.imdb.com/title/tt0810922"
"176","http://www.imdb.com/title/tt1161864"
"177","http://www.imdb.com/title/tt1456635"
"178","http://www.imdb.com/title/tt1850374"
"179","http://www.imdb.com/title/tt1839578"
"180","http://www.imdb.com/title/tt1992167"
"181","http://www.imdb.com/title/tt1865333"
"182","http://www.imdb.com/title/tt1284575"
"183","http://www.imdb.com/title/tt2115386"
"184","http://www.imdb.com/title/tt1683084"
"185","http://www.imdb.com/title/tt2112999"
"186","http://www.imdb.com/title/tt1240982"
"187","http://www.imdb.com/title/tt1859293"
"188","http://www.imdb.com/title/tt0822847"
"189","http://www.imdb.com/title/tt1845307"
"190","http://www.imdb.com/title/tt1796960"
"191","http://www.imdb.com/title/tt1535616"
"192","http://www.imdb.com/title/tt1535970"
"193","http://www.imdb.com/title/tt0893412"
"194","http://www.imdb.com/title/tt0466893"
"195","http://www.imdb.com/title/tt1583420"
"196","http://www.imdb.com/title/tt1586752"
"197","http://www.imdb.com/title/tt2113007"
"198","http://www.imdb.com/title/tt0479997"
"199","http://www.imdb.com/title/tt1787127"
"200","http://www.imdb.com/title/tt1886757"
"201","http://www.imdb.com/title/tt1763316"
"202","http://www.imdb.com/title/tt1714209"
"203","http://www.imdb.com/title/tt1601475"
"204","http://www.imdb.com/title/tt1704619"
"205","http://www.imdb.com/title/tt1884035"
"206","http://www.imdb.com/title/tt1942840"
"207","http://www.imdb.com/title/tt1956429"
"208","http://www.imdb.com/title/tt1262416"
"209","http://www.imdb.com/title/tt2000327"
"210","http://www.imdb.com/title/tt2033372"
"211","http://www.imdb.com/title/tt1941917"
"212","http://www.imdb.com/title/tt1737747"
"213","http://www.imdb.com/title/tt2096615"
"214","http://www.imdb.com/title/tt1034389"
"215","http://www.imdb.com/title/tt1756791"
"216","http://www.imdb.com/title/tt1525890"
"217","http://www.imdb.com/title/tt1785089"
"218","http://www.imdb.com/title/tt1632701"
"219","http://www.imdb.com/title/tt2011118"
"220","http://www.imdb.com/title/tt0409847"
"221","http://www.imdb.com/title/tt1502404"
"222","http://www.imdb.com/title/tt1842063"
"223","http://www.imdb.com/title/tt1265990"
"224","http://www.imdb.com/title/tt2100976"
"225","http://www.imdb.com/title/tt1725095"
"226","http://www.imdb.com/title/tt1446147"
"227","http://www.imdb.com/title/tt2104994"
"228","http://www.imdb.com/title/tt1866373"
"229","http://www.imdb.com/title/tt1355646"
"230","http://www.imdb.com/title/tt0480687"
"231","http://www.imdb.com/title/tt2103256"
"232","http://www.imdb.com/title/tt2006004"
"233","http://www.imdb.com/title/tt1334512"
"234","http://www.imdb.com/title/tt1450334"
"235","http://www.imdb.com/title/tt1220888"
"236","http://www.imdb.com/title/tt1743720"
"237","http://www.imdb.com/title/tt1922612"
"238","http://www.imdb.com/title/tt1222817"
"239","http://www.imdb.com/title/tt2054363"
"240","http://www.imdb.com/title/tt2113625"
"241","http://www.imdb.com/title/tt1845804"
"242","http://www.imdb.com/title/tt1582248"
"243","http://www.imdb.com/title/tt1742650"
"244","http://www.imdb.com/title/tt1826805"
"245","http://www.imdb.com/title/tt1824580"
"246","http://www.imdb.com/title/tt1722476"
"247","http://www.imdb.com/title/tt1839337"
"248","http://www.imdb.com/title/tt1753968"
"249","http://www.imdb.com/title/tt1704573"
"250","http://www.imdb.com/title/tt1351678"
"251","http://www.imdb.com/title/tt2001396"
"252","http://www.imdb.com/title/tt1772240"
"253","http://www.imdb.com/title/tt1197627"
"254","http://www.imdb.com/title/tt1674784"
"255","http://www.imdb.com/title/tt1600195"
"256","http://www.imdb.com/title/tt1679235"
"257","http://www.imdb.com/title/tt2049576"
"258","http://www.imdb.com/title/tt1599296"
"259","http://www.imdb.com/title/tt2058092"
"260","http://www.imdb.com/title/tt1545214"
"261","http://www.imdb.com/title/tt1787725"
"262","http://www.imdb.com/title/tt1821524"
"263","http://www.imdb.com/title/tt1302006"
"264","http://www.imdb.com/title/tt1634136"
"265","http://www.imdb.com/title/tt2149025"
"266","http://www.imdb.com/title/tt1865543"
"267","http://www.imdb.com/title/tt1268799"
"268","http://www.imdb.com/title/tt1787837"
"269","http://www.imdb.com/title/tt1366344"
"270","http://www.imdb.com/title/tt1714208"
"271","http://www.imdb.com/title/tt1172991"
"272","http://www.imdb.com/title/tt1464580"
"273","http://www.imdb.com/title/tt1623745"
"274","http://www.imdb.com/title/tt2257246"
"275","http://www.imdb.com/title/tt1681371"
"276","http://www.imdb.com/title/tt1819079"
"277","http://www.imdb.com/title/tt1205558"
"278","http://www.imdb.com/title/tt1214962"
"279","http://www.imdb.com/title/tt1434435"
"280","http://www.imdb.com/title/tt1438176"
"281","http://www.imdb.com/title/tt1898575"
"282","http://www.imdb.com/title/tt1748043"
"283","http://www.imdb.com/title/tt0804497"
"284","http://www.imdb.com/title/tt1466054"
"285","http://www.imdb.com/title/tt2062996"
"286","http://www.imdb.com/title/tt1567215"
"287","http://www.imdb.com/title/tt1068242"
"288","http://www.imdb.com/title/tt1588334"
"289","http://www.imdb.com/title/tt1833845"
"290","http://www.imdb.com/title/tt1719071"
"291","http://www.imdb.com/title/tt1762363"
"292","http://www.imdb.com/title/tt1702443"
"293","http://www.imdb.com/title/tt1905988"
"294","http://www.imdb.com/title/tt1980162"
"295","http://www.imdb.com/title/tt1107812"
"296","http://www.imdb.com/title/tt1869364"
"297","http://www.imdb.com/title/tt1305591"
"298","http://www.imdb.com/title/tt1045642"
"299","http://www.imdb.com/title/tt1986612"
"300","http://www.imdb.com/title/tt1436568"
"301","http://www.imdb.com/title/tt1865700"
"302","http://www.imdb.com/title/tt1562568"
"303","http://www.imdb.com/title/tt1152398"
"304","http://www.imdb.com/title/tt1235170"
"305","http://www.imdb.com/title/tt1866258"
"306","http://www.imdb.com/title/tt1877740"
"307","http://www.imdb.com/title/tt1793223"
"308","http://www.imdb.com/title/tt1436572"
"309","http://www.imdb.com/title/tt1093357"
"310","http://www.imdb.com/title/tt1452628"
"311","http://www.imdb.com/title/tt1982341"
"312","http://www.imdb.com/title/tt2162565"
"313","http://www.imdb.com/title/tt1601913"
"314","http://www.imdb.com/title/tt2005268"
"315","http://www.imdb.com/title/tt1699231"
"316","http://www.imdb.com/title/tt0816462"
"317","http://www.imdb.com/title/tt1687281"
"318","http://www.imdb.com/title/tt1174042"
"319","http://www.imdb.com/title/tt2197519"
"320","http://www.imdb.com/title/tt1866255"
"321","http://www.imdb.com/title/tt1578275"
"322","http://www.imdb.com/title/tt1127886"
"323","http://www.imdb.com/title/tt1319744"
"324","http://www.imdb.com/title/tt1667307"
"325","http://www.imdb.com/title/tt1440161"
"326","http://www.imdb.com/title/tt1646980"
"327","http://www.imdb.com/title/tt1500512"
"328","http://www.imdb.com/title/tt1518812"
"329","http://www.imdb.com/title/tt1721677"
"330","http://www.imdb.com/title/tt2008513"
"331","http://www.imdb.com/title/tt1301990"
"332","http://www.imdb.com/title/tt1464174"
"333","http://www.imdb.com/title/tt2106296"
"334","http://www.imdb.com/title/tt1786059"
"335","http://www.imdb.com/title/tt1482393"
"336","http://www.imdb.com/title/tt2106606"
"337","http://www.imdb.com/title/tt1316622"
"338","http://www.imdb.com/title/tt1038693"
"339","http://www.imdb.com/title/tt1756851"
"340","http://www.imdb.com/title/tt2047147"
"341","http://www.imdb.com/title/tt0448115"
"342","http://www.imdb.com/title/tt1823744"
"343","http://www.imdb.com/title/tt1986325"
"344","http://www.imdb.com/title/tt2339413"
"345","http://www.imdb.com/title/tt1711366"
"346","http://www.imdb.com/title/tt1683043"
"347","http://www.imdb.com/title/tt1810019"
"348","http://www.imdb.com/title/tt1936739"
"349","http://www.imdb.com/title/tt1839722"
"350","http://www.imdb.com/title/tt1754944"
"351","http://www.imdb.com/title/tt1541874"
"352","http://www.imdb.com/title/tt2035148"
"353","http://www.imdb.com/title/tt1986806"
"354","http://www.imdb.com/title/tt1720616"
"355","http://www.imdb.com/title/tt1646922"
"356","http://www.imdb.com/title/tt2123736"
"357","http://www.imdb.com/title/tt1261954"
"358","http://www.imdb.com/title/tt1233334"
"359","http://www.imdb.com/title/tt1737798"
"360","http://www.imdb.com/title/tt1754264"
"361","http://www.imdb.com/title/tt2093867"
"362","http://www.imdb.com/title/tt1788461"
"363","http://www.imdb.com/title/tt1433207"
"364","http://www.imdb.com/title/tt1814614"
"365","http://www.imdb.com/title/tt2476484"
"366","http://www.imdb.com/title/tt1900946"
"367","http://www.imdb.com/title/tt1690455"
"368","http://www.imdb.com/title/tt1986601"
"369","http://www.imdb.com/title/tt1536374"
"370","http://www.imdb.com/title/tt1886866"
"371","http://www.imdb.com/title/tt1604171"
"372","http://www.imdb.com/title/tt1567233"
"373","http://www.imdb.com/title/tt1500491"
"374","http://www.imdb.com/title/tt2088490"
"375","http://www.imdb.com/title/tt1341341"
"376","http://www.imdb.com/title/tt1517489"
"377","http://www.imdb.com/title/tt1100051"
"378","http://www.imdb.com/title/tt1700581"
"379","http://www.imdb.com/title/tt0873886"
"380","http://www.imdb.com/title/tt1185371"
"381","http://www.imdb.com/title/tt1512240"
"382","http://www.imdb.com/title/tt2123322"
"383","http://www.imdb.com/title/tt0944947"
"384","http://www.imdb.com/title/tt1349451"
"385","http://www.imdb.com/title/tt1545106"
"386","http://www.imdb.com/title/tt1630626"
"387","http://www.imdb.com/title/tt1720263"
"388","http://www.imdb.com/title/tt1640484"
"389","http://www.imdb.com/title/tt1393742"
"390","http://www.imdb.com/title/tt1870792"
"391","http://www.imdb.com/title/tt1787810"
"392","http://www.imdb.com/title/tt1712159"
"393","http://www.imdb.com/title/tt1929989"
"394","http://www.imdb.com/title/tt1334553"
"395","http://www.imdb.com/title/tt1251743"
"396","http://www.imdb.com/title/tt1933073"
"397","http://www.imdb.com/title/tt2079571"
"398","http://www.imdb.com/title/tt1787759"
"399","http://www.imdb.com/title/tt1797475"
"400","http://www.imdb.com/title/tt1405500"
"401","http://www.imdb.com/title/tt0844993"
"402","http://www.imdb.com/title/tt1699114"
"403","http://www.imdb.com/title/tt1839404"
"404","http://www.imdb.com/title/tt1400518"
"405","http://www.imdb.com/title/tt2087624"
"406","http://www.imdb.com/title/tt1869551"
"407","http://www.imdb.com/title/tt1695405"
"408","http://www.imdb.com/title/tt2086853"
"409","http://www.imdb.com/title/tt1738366"
"410","http://www.imdb.com/title/tt1486193"
"411","http://www.imdb.com/title/tt1995125"
"412","http://www.imdb.com/title/tt1717724"
"413","http://www.imdb.com/title/tt1212452"
"414","http://www.imdb.com/title/tt1629440"
"415","http://www.imdb.com/title/tt1844811"
"416","http://www.imdb.com/title/tt1334102"
"417","http://www.imdb.com/title/tt1648204"
"418","http://www.imdb.com/title/tt1657283"
"419","http://www.imdb.com/title/tt1775555"
"420","http://www.imdb.com/title/tt2071559"
"421","http://www.imdb.com/title/tt1980710"
"422","http://www.imdb.com/title/tt1743880"
"424","http://www.imdb.com/title/tt1659175"
"425","http://www.imdb.com/title/tt2061818"
"426","http://www.imdb.com/title/tt1087461"
"427","http://www.imdb.com/title/tt1231583"
"428","http://www.imdb.com/title/tt1909348"
"429","http://www.imdb.com/title/tt1727261"
"430","http://www.imdb.com/title/tt2034756"
"431","http://www.imdb.com/title/tt2894384"
"432","http://www.imdb.com/title/tt1221208"
"433","http://www.imdb.com/title/tt2109059"
"434","http://www.imdb.com/title/tt1636224"
"435","http://www.imdb.com/title/tt1837673"
"436","http://www.imdb.com/title/tt1610527"
"437","http://www.imdb.com/title/tt1733689"
"439","http://www.imdb.com/title/tt1712341"
"440","http://www.imdb.com/title/tt1810776"
"441","http://www.imdb.com/title/tt0699537"
"442","http://www.imdb.com/title/tt1445203"
"443","http://www.imdb.com/title/tt1703925"
"444","http://www.imdb.com/title/tt2044118"
"445","http://www.imdb.com/title/tt1477837"
"446","http://www.imdb.com/title/tt1535612"
"447","http://www.imdb.com/title/tt1844624"
"448","http://www.imdb.com/title/tt1707374"
"449","http://www.imdb.com/title/tt1470652"
"450","http://www.imdb.com/title/tt2056087"
"451","http://www.imdb.com/title/tt1444337"
"452","http://www.imdb.com/title/tt2027255"
"453","http://www.imdb.com/title/tt1687905"
"454","http://www.imdb.com/title/tt1895042"
"455","http://www.imdb.com/title/tt0968747"
"456","http://www.imdb.com/title/tt2037971"
"457","http://www.imdb.com/title/tt1645141"
"458","http://www.imdb.com/title/tt1713799"
"459","http://www.imdb.com/title/tt1975371"
"460","http://www.imdb.com/title/tt1059887"
"461","http://www.imdb.com/title/tt1291549"
"462","http://www.imdb.com/title/tt1389127"
"463","http://www.imdb.com/title/tt1623742"
"464","http://www.imdb.com/title/tt2110712"
"465","http://www.imdb.com/title/tt1884260"
"466","http://www.imdb.com/title/tt1656236"
"467","http://www.imdb.com/title/tt1587678"
"468","http://www.imdb.com/title/tt1832368"
"469","http://www.imdb.com/title/tt1519461"
"470","http://www.imdb.com/title/tt1724587"
"471","http://www.imdb.com/title/tt1835977"
"472","http://www.imdb.com/title/tt1407065"
"473","http://www.imdb.com/title/tt1833703"
"474","http://www.imdb.com/title/tt1570583"
"475","http://www.imdb.com/title/tt1805852"
"476","http://www.imdb.com/title/tt1670995"
"477","http://www.imdb.com/title/tt1707391"
"478","http://www.imdb.com/title/tt1564623"
"479","http://www.imdb.com/title/tt1509130"
"480","http://www.imdb.com/title/tt1942922"
"481","http://www.imdb.com/title/tt1933535"
"482","http://www.imdb.com/title/tt2171719"
"483","http://www.imdb.com/title/tt0914863"
"484","http://www.imdb.com/title/tt0913354"
"485","http://www.imdb.com/title/tt1396221"
"486","http://www.imdb.com/title/tt1231586"
"487","http://www.imdb.com/title/tt2129702"
"488","http://www.imdb.com/title/tt1473781"
"489","http://www.imdb.com/title/tt1799352"
"490","http://www.imdb.com/title/tt1993487"
"491","http://www.imdb.com/title/tt2034013"
"492","http://www.imdb.com/title/tt1877543"
"493","http://www.imdb.com/title/tt1582465"
"494","http://www.imdb.com/title/tt0894035"
"495","http://www.imdb.com/title/tt1772520"
"496","http://www.imdb.com/title/tt0382731"
"497","http://www.imdb.com/title/tt1592265"
"498","http://www.imdb.com/title/tt1582461"
"499","http://www.imdb.com/title/tt1640548"
"500","http://www.imdb.com/title/tt1484114"
"501","http://www.imdb.com/title/tt1747967"
"502","http://www.imdb.com/title/tt1655460"
"503","http://www.imdb.com/title/tt1554414"
"504","http://www.imdb.com/title/tt1864288"
"505","http://www.imdb.com/title/tt1884755"
"506","http://www.imdb.com/title/tt1746264"
"507","http://www.imdb.com/title/tt2256592"
"508","http://www.imdb.com/title/tt2053352"
"509","http://www.imdb.com/title/tt1575694"
"510","http://www.imdb.com/title/tt1720182"
"511","http://www.imdb.com/title/tt0433726"
"512","http://www.imdb.com/title/tt1841108"
"513","http://www.imdb.com/title/tt1728978"
"514","http://www.imdb.com/title/tt1646926"
"515","http://www.imdb.com/title/tt1764366"
"516","http://www.imdb.com/title/tt2089467"
"517","http://www.imdb.com/title/tt1013860"
"518","http://www.imdb.com/title/tt2091413"
"519","http://www.imdb.com/title/tt1728975"
"520","http://www.imdb.com/title/tt1704614"
"521","http://www.imdb.com/title/tt1828976"
"522","http://www.imdb.com/title/tt1877712"
"523","http://www.imdb.com/title/tt1996196"
"524","http://www.imdb.com/title/tt2004840"
"525","http://www.imdb.com/title/tt2261871"
"526","http://www.imdb.com/title/tt1684628"
"527","http://www.imdb.com/title/tt1863406"
"528","http://www.imdb.com/title/tt2000321"
"529","http://www.imdb.com/title/tt1726839"
"530","http://www.imdb.com/title/tt1581835"
"531","http://www.imdb.com/title/tt1787731"
"532","http://www.imdb.com/title/tt1792621"
"533","http://www.imdb.com/title/tt1436559"
"534","http://www.imdb.com/title/tt1544600"
"535","http://www.imdb.com/title/tt1318517"
"536","http://www.imdb.com/title/tt1979269"
"537","http://www.imdb.com/title/tt2056091"
"538","http://www.imdb.com/title/tt1325743"
"539","http://www.imdb.com/title/tt1948264"
"540","http://www.imdb.com/title/tt1334573"
"541","http://www.imdb.com/title/tt1621429"
"542","http://www.imdb.com/title/tt1699748"
"543","http://www.imdb.com/title/tt1989114"
"544","http://www.imdb.com/title/tt1880329"
"545","http://www.imdb.com/title/tt1961536"
"546","http://www.imdb.com/title/tt1650552"
"547","http://www.imdb.com/title/tt1656170"
"548","http://www.imdb.com/title/tt2107075"
"549","http://www.imdb.com/title/tt2083271"
"550","http://www.imdb.com/title/tt1667903"
"551","http://www.imdb.com/title/tt1273222"
"552","http://www.imdb.com/title/tt1982601"
"553","http://www.imdb.com/title/tt1092026"
"554","http://www.imdb.com/title/tt1458175"
"555","http://www.imdb.com/title/tt1444284"
"556","http://www.imdb.com/title/tt1837642"
"557","http://www.imdb.com/title/tt1811943"
"558","http://www.imdb.com/title/tt1621426"
"559","http://www.imdb.com/title/tt1582350"
"560","http://www.imdb.com/title/tt2046353"
"561","http://www.imdb.com/title/tt1701990"
"562","http://www.imdb.com/title/tt1421048"
"563","http://www.imdb.com/title/tt1880095"
"564","http://www.imdb.com/title/tt1629439"
"565","http://www.imdb.com/title/tt2065185"
"566","http://www.imdb.com/title/tt1794582"
"567","http://www.imdb.com/title/tt1785389"
"568","http://www.imdb.com/title/tt1411664"
"569","http://www.imdb.com/title/tt0097328"
"570","http://www.imdb.com/title/tt0893399"
"571","http://www.imdb.com/title/tt1859785"
"572","http://www.imdb.com/title/tt1891881"
"573","http://www.imdb.com/title/tt1912996"
"574","http://www.imdb.com/title/tt1983997"
"575","http://www.imdb.com/title/tt1826813"
"576","http://www.imdb.com/title/tt1635642"
"577","http://www.imdb.com/title/tt2120683"
"578","http://www.imdb.com/title/tt1982519"
"579","http://www.imdb.com/title/tt1926567"
"580","http://www.imdb.com/title/tt1742336"
"581","http://www.imdb.com/title/tt1634121"
"582","http://www.imdb.com/title/tt1779814"
"583","http://www.imdb.com/title/tt1790672"
"584","http://www.imdb.com/title/tt1504403"
"585","http://www.imdb.com/title/tt2087984"
"586","http://www.imdb.com/title/tt1886493"
"587","http://www.imdb.com/title/tt2235505"
"588","http://www.imdb.com/title/tt1845866"
"589","http://www.imdb.com/title/tt1954794"
"590","http://www.imdb.com/title/tt2062677"
"591","http://www.imdb.com/title/tt2210601"
"592","http://www.imdb.com/title/tt1842530"
"593","http://www.imdb.com/title/tt0800175"
"594","http://www.imdb.com/title/tt1930315"
"595","http://www.imdb.com/news/ni18379739/"
"596","http://www.imdb.com/title/tt2345525"
"597","http://www.imdb.com/title/tt2124064"
"598","http://www.imdb.com/title/tt1819654"
"599","http://www.imdb.com/title/tt2005365"
"600","http://www.imdb.com/title/tt0761364"
"601","http://www.imdb.com/title/tt1259998"
"602","http://www.imdb.com/title/tt1787660"
"603","http://www.imdb.com/title/tt0448022"
"604","http://www.imdb.com/title/tt1235790"
"605","http://www.imdb.com/title/tt2064614"
"606","http://www.imdb.com/title/tt2100093"
"607","http://www.imdb.com/title/tt1790914"
"608","http://www.imdb.com/title/tt1758772"
"609","http://www.imdb.com/title/tt1525876"
"610","http://www.imdb.com/title/tt1641384"
"611","http://www.imdb.com/title/tt1795737"
"612","http://www.imdb.com/title/tt1816224"
"613","http://www.imdb.com/title/tt1381418"
"614","http://www.imdb.com/title/tt1594562"
"615","http://www.imdb.com/title/tt1716747"
"616","http://www.imdb.com/title/tt1826940"
"617","http://www.imdb.com/title/tt1691920"
"618","http://www.imdb.com/title/tt1833879"
"619","http://www.imdb.com/title/tt1792170"
"620","http://www.imdb.com/title/tt1640218"
"621","http://www.imdb.com/title/tt2070406"
"622","http://www.imdb.com/title/tt1104001"
"623","http://www.imdb.com/title/tt1547230"
"624","http://www.imdb.com/title/tt0865560"
"625","http://www.imdb.com/title/tt1887372"
"626","http://www.imdb.com/title/tt1675161"
"627","http://www.imdb.com/title/tt1117581"
"628","http://www.imdb.com/title/tt2091065"
"629","http://www.imdb.com/title/tt0320037"
"630","http://www.imdb.com/title/tt1477675"
"631","http://www.imdb.com/title/tt1633356"
"632","http://www.imdb.com/title/tt0152864"
"633","http://www.imdb.com/title/tt1649780"
"634","http://www.imdb.com/title/tt1863233"
"635","http://www.imdb.com/title/tt1212419"
"636","http://www.imdb.com/title/tt1935749"
"637","http://www.imdb.com/title/tt1766094"
"638","http://www.imdb.com/title/tt1792543"
"639","http://www.imdb.com/title/tt1781947"
"640","http://www.imdb.com/title/tt1645573"
"641","http://www.imdb.com/title/tt1707392"
"642","http://www.imdb.com/title/tt2148123"
"643","http://www.imdb.com/title/tt2051341"
"644","http://www.imdb.com/title/tt2004627"
"645","http://www.imdb.com/title/tt1983458"
"646","http://www.imdb.com/title/tt1843230"
"647","http://www.imdb.com/title/tt1926596"
"648","http://www.imdb.com/title/tt1858517"
"649","http://www.imdb.com/title/tt1316616"
"650","http://www.imdb.com/title/tt1583607"
"651","http://www.imdb.com/title/tt1721494"
"652","http://www.imdb.com/title/tt2306473"
"653","http://www.imdb.com/title/tt1635659"
"654","http://www.imdb.com/title/tt1132285"
"655","http://www.imdb.com/title/tt1462757"
"656","http://www.imdb.com/title/tt1809362"
"657","http://www.imdb.com/title/tt2123351"
"658","http://www.imdb.com/title/tt1792131"
"659","http://www.imdb.com/title/tt1319722"
"660","http://www.imdb.com/title/tt2016961"
"661","http://www.imdb.com/title/tt1913030"
"662","http://www.imdb.com/title/tt1748197"
"663","http://www.imdb.com/title/tt1876547"
"664","http://www.imdb.com/title/tt1792799"
"665","http://www.imdb.com/title/tt2154671"
"666","http://www.imdb.com/title/tt1943576"
"667","http://www.imdb.com/title/tt1743360"
"668","http://www.imdb.com/title/tt1509787"
"669","http://www.imdb.com/title/tt0677821"
"670","http://www.imdb.com/title/tt0144937"
"671","http://www.imdb.com/title/tt1694118"
"672","http://www.imdb.com/title/tt1182350"
"673","http://www.imdb.com/title/tt2126285"
"674","http://www.imdb.com/title/tt1682246"
"675","http://www.imdb.com/title/tt2158557"
"676","http://www.imdb.com/title/tt1640879"
"677","http://www.imdb.com/title/tt1930123"
"678","http://www.imdb.com/title/tt1242599"
"679","http://www.imdb.com/title/tt1604113"
"680","http://www.imdb.com/title/tt2076838"
"681","http://www.imdb.com/title/tt1483756"
"682","http://www.imdb.com/title/tt1994665"
"683","http://www.imdb.com/title/tt2140371"
"684","http://www.imdb.com/title/tt2054359"
"685","http://www.imdb.com/title/tt1772271"
"686","http://www.imdb.com/title/tt1759682"
"687","http://www.imdb.com/title/tt1637727"
"688","http://www.imdb.com/title/tt1725902"
"689","http://www.imdb.com/title/tt1830491"
"690","http://www.imdb.com/title/tt1978365"
"691","http://www.imdb.com/title/tt2091240"
"692","http://www.imdb.com/title/tt1839591"
"693","http://www.imdb.com/title/tt1493943"
"694","http://www.imdb.com/title/tt1547090"
"695","http://www.imdb.com/title/tt1540978"
"696","http://www.imdb.com/title/tt1240952"
"697","http://www.imdb.com/title/tt1942831"
"698","http://www.imdb.com/title/tt1683693"
"699","http://www.imdb.com/title/tt2022717"
"700","http://www.imdb.com/title/tt1582454"
"701","http://www.imdb.com/title/tt1922624"
"702","http://www.imdb.com/title/tt2060525"
"703","http://www.imdb.com/title/tt2075904"
"705","http://www.imdb.com/title/tt1079360"
"706","http://www.imdb.com/title/tt1803417"
"707","http://www.imdb.com/title/tt1718807"
"708","http://www.imdb.com/title/tt1567432"
"709","http://www.imdb.com/title/tt2133214"
"710","http://www.imdb.com/title/tt1896348"
"711","http://www.imdb.com/title/tt1630574"
"712","http://www.imdb.com/title/tt1597089"
"713","http://www.imdb.com/title/tt1847040"
"714","http://www.imdb.com/title/tt1830617"
"715","http://www.imdb.com/title/tt1462059"
"716","http://www.imdb.com/title/tt1988390"
"717","http://www.imdb.com/title/tt1331024"
"718","http://www.imdb.com/title/tt1663631"
"719","http://www.imdb.com/title/tt1956611"
"720","http://www.imdb.com/title/tt1800109"
"721","http://www.imdb.com/title/tt1863988"
"722","http://www.imdb.com/title/tt1709157"
"723","http://www.imdb.com/title/tt1827536"
"724","http://www.imdb.com/title/tt1722606"
"725","http://www.imdb.com/title/tt1811371"
"726","http://www.imdb.com/title/tt1603257"
"727","http://www.imdb.com/title/tt1899280"
"728","http://www.imdb.com/title/tt1651323"
"729","http://www.imdb.com/title/tt2066832"
"730","http://www.imdb.com/title/tt1945796"
"731","http://www.imdb.com/title/tt1836212"
"732","http://www.imdb.com/title/tt1829747"
"733","http://www.imdb.com/title/tt1853563"
"734","http://www.imdb.com/title/tt2066017"
"735","http://www.imdb.com/title/tt1664007"
"736","http://www.imdb.com/title/tt1542344"
"737","http://www.imdb.com/title/tt1591900"
"738","http://www.imdb.com/title/tt1839497"
"739","http://www.imdb.com/title/tt1699147"
"740","http://www.imdb.com/title/tt1663187"
"741","http://www.imdb.com/title/tt1533013"
"742","http://www.imdb.com/title/tt2024230"
"743","http://www.imdb.com/title/tt1433822"
"744","http://www.imdb.com/title/tt1880418"
"745","http://www.imdb.com/title/tt1663660"
"746","http://www.imdb.com/title/tt1312254"
"747","http://www.imdb.com/title/tt1183865"
"748","http://www.imdb.com/title/tt1835129"
"749","http://www.imdb.com/title/tt1436039"
"750","http://www.imdb.com/title/tt2002045"
"751","http://www.imdb.com/title/tt1520453"
"752","http://www.imdb.com/title/tt1339098"
"753","http://www.imdb.com/title/tt1417592"
"754","http://www.imdb.com/title/tt1982323"
"755","http://www.imdb.com/title/tt1587694"
"756","http://www.imdb.com/title/tt1682940"
"757","http://www.imdb.com/title/tt1501675"
"758","http://www.imdb.com/title/tt1772373"
"759","http://www.imdb.com/title/tt1578882"
"760","http://www.imdb.com/title/tt2027157"
"761","http://www.imdb.com/title/tt1687277"
"762","http://www.imdb.com/title/tt1988236"
"763","http://www.imdb.com/title/tt1824276"
"764","http://www.imdb.com/title/tt1745672"
"765","http://www.imdb.com/title/tt1519664"
"766","http://www.imdb.com/title/tt1790621"
"767","http://www.imdb.com/title/tt2088025"
"768","http://www.imdb.com/title/tt1975629"
"769","http://www.imdb.com/title/tt1564368"
"770","http://www.imdb.com/title/tt1846444"
"771","http://www.imdb.com/title/tt1757519"
"772","http://www.imdb.com/title/tt1854506"
"773","http://www.imdb.com/title/tt1507563"
"774","http://www.imdb.com/title/tt2032024"
"775","http://www.imdb.com/title/tt1059836"
"776","http://www.imdb.com/title/tt1037220"
"777","http://www.imdb.com/title/tt1693872"
"778","http://www.imdb.com/title/tt1954425"
"779","http://www.imdb.com/title/tt2088491"
"780","http://www.imdb.com/title/tt1725268"
"781","http://www.imdb.com/title/tt1913042"
"782","http://www.imdb.com/title/tt1273207"
"783","http://www.imdb.com/title/tt1403865"
"784","http://www.imdb.com/title/tt1619281"
"785","http://www.imdb.com/title/tt2056718"
"786","http://www.imdb.com/title/tt1703125"
"787","http://www.imdb.com/title/tt1755893"
"788","http://www.imdb.com/title/tt1245526"
"789","http://www.imdb.com/title/tt1936760"
"790","http://www.imdb.com/title/tt2006450"
"791","http://www.imdb.com/title/tt1732596"
"792","http://www.imdb.com/title/tt1926568"
"793","http://www.imdb.com/title/tt1769294"
"794","http://www.imdb.com/title/tt1876330"
"795","http://www.imdb.com/title/tt2077849"
"796","http://www.imdb.com/title/tt1733085"
"797","http://www.imdb.com/title/tt1663193"
"798","http://www.imdb.com/title/tt1697851"
"799","http://www.imdb.com/title/tt1986871"
"800","http://www.imdb.com/title/tt0758752"
"801","http://www.imdb.com/title/tt1670435"
"802","http://www.imdb.com/title/tt1629705"
"803","http://www.imdb.com/title/tt1694015"
"804","http://www.imdb.com/title/tt1974884"
"805","http://www.imdb.com/title/tt1592873"
"806","http://www.imdb.com/title/tt1757931"
"807","http://www.imdb.com/title/tt0120711"
"808","http://www.imdb.com/title/tt0935075"
"809","http://www.imdb.com/title/tt0842926"
"810","http://www.imdb.com/title/tt0251497"
"811","http://www.imdb.com/title/tt2187088"
"812","http://www.imdb.com/title/tt1923980"
"813","http://www.imdb.com/title/tt2077909"
"814","http://www.imdb.com/title/tt1421051"
"815","http://www.imdb.com/title/tt1878254"
"816","http://www.imdb.com/title/tt1641831"
"817","http://www.imdb.com/title/tt1125840"
"818","http://www.imdb.com/title/tt2014254"
"819","http://www.imdb.com/title/tt1152822"
"820","http://www.imdb.com/title/tt1972763"
"821","http://www.imdb.com/title/tt0964517"
"822","http://www.imdb.com/title/tt1385478"
"823","http://www.imdb.com/title/tt1977002"
"824","http://www.imdb.com/title/tt1583638"
"825","http://www.imdb.com/title/tt1953764"
"826","http://www.imdb.com/title/tt1704586"
"827","http://www.imdb.com/title/tt1593823"
"828","http://www.imdb.com/title/tt1540005"
"829","http://www.imdb.com/title/tt1625351"
"830","http://www.imdb.com/title/tt1974554"
"831","http://www.imdb.com/title/tt2186709"
"832","http://www.imdb.com/title/tt1884819"
"833","http://www.imdb.com/title/tt1321861"
"834","http://www.imdb.com/title/tt1361313"
"835","http://www.imdb.com/title/tt1341340"
"836","http://www.imdb.com/title/tt1458915"
"837","http://www.imdb.com/title/tt3625082"
"838","http://www.imdb.com/title/tt1525838"
"839","http://www.imdb.com/title/tt2087453"
"840","http://www.imdb.com/title/tt0791288"
"841","http://www.imdb.com/title/tt1727360"
"842","http://www.imdb.com/title/tt0243931"
"843","http://www.imdb.com/title/tt1424686"
"844","http://www.imdb.com/title/tt1350510"
"845","http://www.imdb.com/title/tt2725156"
"846","http://www.imdb.com/title/tt1893218"
"847","http://www.imdb.com/title/tt1198075"
"848","http://www.imdb.com/title/tt2112900"
"849","http://www.imdb.com/title/tt1473397"
"850","http://www.imdb.com/title/tt1718682"
"851","http://www.imdb.com/title/tt1956305"
"852","http://www.imdb.com/title/tt1772263"
"853","http://www.imdb.com/title/tt1837576"
"854","http://www.imdb.com/title/tt1734586"
"855","http://www.imdb.com/title/tt2106629"
"856","http://www.imdb.com/title/tt2041508"
"857","http://www.imdb.com/title/tt1717743"
"858","http://www.imdb.com/title/tt1942299"
"859","http://www.imdb.com/title/tt1679248"
"860","http://www.imdb.com/title/tt1680138"
"861","http://www.imdb.com/title/tt1850458"
"862","http://www.imdb.com/title/tt1832979"
"863","http://www.imdb.com/title/tt2021933"
"864","http://www.imdb.com/title/tt0107606"
"865","http://www.imdb.com/title/tt1772752"
"866","http://www.imdb.com/title/tt1640486"
"867","http://www.imdb.com/title/tt0493052"
"868","http://www.imdb.com/title/tt2028578"
"869","http://www.imdb.com/title/tt1542484"
"870","http://www.imdb.com/title/tt1456060"
"871","http://www.imdb.com/title/tt1068961"
"872","http://www.imdb.com/title/tt1659192"
"873","http://www.imdb.com/title/tt1244754"
"874","http://www.imdb.com/title/tt1283887"
"875","http://www.imdb.com/title/tt1379715"
"876","http://www.imdb.com/title/tt1582456"
"877","http://www.imdb.com/title/tt0488982"
"878","http://www.imdb.com/title/tt1620950"
"879","http://www.imdb.com/title/tt2091064"
"880","http://www.imdb.com/title/tt1663676"
"881","http://www.imdb.com/title/tt3891014"
"882","http://www.imdb.com/title/tt1854499"
"883","http://www.imdb.com/title/tt1988389"
"884","http://www.imdb.com/title/tt1926363"
"885","http://www.imdb.com/title/tt1055292"
"886","http://www.imdb.com/title/tt2039481"
"887","http://www.imdb.com/title/tt1830888"
"888","http://www.imdb.com/title/tt2124759"
"889","http://www.imdb.com/title/tt2495352"
"890","http://www.imdb.com/title/tt2116900"
"891","http://www.imdb.com/title/tt1832135"
"892","http://www.imdb.com/title/tt1591071"
"893","http://www.imdb.com/title/tt0387736"
"894","http://www.imdb.com/title/tt0362526"
"895","http://www.imdb.com/title/tt1854440"
"896","http://www.imdb.com/title/tt1481572"
"897","http://www.imdb.com/title/tt1882053"
"898","http://www.imdb.com/title/tt1777608"
"899","http://www.imdb.com/title/tt1083448"
"900","http://www.imdb.com/title/tt1126591"
"901","http://www.imdb.com/title/tt1527813"
"902","http://www.imdb.com/title/tt0100514"
"903","http://www.imdb.com/title/tt1912993"
"904","http://www.imdb.com/title/tt0785025"
"905","http://www.imdb.com/title/tt1713938"
"906","http://www.imdb.com/title/tt0451279"
"907","http://www.imdb.com/title/tt1911533"
"908","http://www.imdb.com/title/tt1643693"
"909","http://www.imdb.com/title/tt1637728"
"910","http://www.imdb.com/title/tt1683842"
"911","http://www.imdb.com/title/tt2103997"
"912","http://www.imdb.com/title/tt0087597"
"913","http://www.imdb.com/title/tt1001526"
"914","http://www.imdb.com/title/tt1687889"
"915","http://www.imdb.com/title/tt1815746"
"916","http://www.imdb.com/title/tt1670269"
"917","http://www.imdb.com/title/tt1600199"
"918","http://www.imdb.com/title/tt1869724"
"919","http://www.imdb.com/title/tt1979460"
"920","http://www.imdb.com/title/tt1535110"
"921","http://www.imdb.com/title/tt0472023"
"922","http://www.imdb.com/title/tt1531930"
"923","http://www.imdb.com/title/tt1580426"
"924","http://www.imdb.com/title/tt2015370"
"925","http://www.imdb.com/title/tt1579232"
"926","http://www.imdb.com/title/tt1641349"
"927","http://www.imdb.com/title/tt1126618"
"928","http://www.imdb.com/title/tt2010937"
"929","http://www.imdb.com/title/tt2082429"
"930","http://www.imdb.com/title/tt2058636"
"931","http://www.imdb.com/title/tt1470859"
"932","http://www.imdb.com/title/tt1839606"
"933","http://www.imdb.com/title/tt1846491"
"934","http://www.imdb.com/title/tt1816993"
"935","http://www.imdb.com/title/tt1028576"
"936","http://www.imdb.com/title/tt1711018"
"937","http://www.imdb.com/title/tt1781775"
"938","http://www.imdb.com/title/tt1582457"
"939","http://www.imdb.com/title/tt2070405"
"940","http://www.imdb.com/title/tt0995845"
"941","http://www.imdb.com/title/tt2148935"
"942","http://www.imdb.com/title/tt1509004"
"943","http://www.imdb.com/title/tt1691154"
"944","http://www.imdb.com/title/tt1754572"
"945","http://www.imdb.com/title/tt1977181"
"946","http://www.imdb.com/title/tt2091018"
"947","http://www.imdb.com/title/tt0486420"
"948","http://www.imdb.com/title/tt1864461"
"949","http://www.imdb.com/title/tt0977855"
"950","http://www.imdb.com/title/tt1820742"
"951","http://www.imdb.com/title/tt1803059"
"952","http://www.imdb.com/title/tt1541150"
"953","http://www.imdb.com/title/tt1988781"
"954","http://www.imdb.com/title/tt0990363"
"955","http://www.imdb.com/title/tt1181795"
"956","http://www.imdb.com/title/tt1582453"
"957","http://www.imdb.com/title/tt1227789"
"958","http://www.imdb.com/title/tt0970866"
"959","http://www.imdb.com/title/tt1762358"
"960","http://www.imdb.com/title/tt2051999"
"961","http://www.imdb.com/title/tt0119109"
"962","http://www.imdb.com/title/tt1796772"
"963","http://www.imdb.com/title/tt1103153"
