director,mean_gross,mean_budget,number_of_movies
A.J. Edwards,NA,NA,1
"Aaron Blaise,Robert Walker",85329248,1.28e+08,2
Aaron Harvey,1887,7e+06,1
Aaron J. Wiederspahn,23054,1e+06,1
"Aaron Katz,Martha Stephens",727430,NaN,1
Aaron M. Ross,NaN,5000,1
"Aaron Rose,Joshua Leonard",56386,NaN,1
Aaron Rottinghaus,NaN,NaN,1
Aaron Russo,61200,1e+06,1
Aaron Schneider,9176553,7500000,1
Aaron Schoenke,NaN,5000,1
"Aaron Seltzer,Jason Friedberg",48546578,2e+07,2
Aaron Woodley,15979,4e+06,1
Aaron Woolf,81368,NaN,2
Abby Epstein,69348,NaN,2
Abe Sylvia,53630,4e+06,2
Abel Ferrara,15738,NaN,2
Adam Baran,NaN,20000,1
Adam Brooks,16014614,NaN,2
Adam Collis,3926,NaN,1
"Adam Del Deo,James D. Stern",597916.333333333,NaN,3
Adam Gierasch,NaN,7333333.33333333,3
Adam Green,243390,NaN,2
"Adam Green,Joe Lynch",NaN,NaN,1
"Adam Green,Joel David Moore",NaN,1500000,1
"Adam Kassen,Mark Kassen",67071,NaN,1
Adam Leon,97768,NaN,1
Adam Marcus,NaN,8e+06,1
Adam McKay,90842873.8,62800000,5
Adam Rapp,101228,3500000,2
"Adam Ravetch,Sarah Robertson",833308,NaN,1
Adam Rifkin,16136,NaN,3
Adam Rodgers,49953,2500000,1
Adam Salky,NaN,NaN,1
Adam Shankman,89503615.8333333,56500000,6
Adam Sherman,6106,1e+07,2
Adam Wingard,12423712,2333333.33333333,4
Adrian Benjamin Burke,NaN,3000,1
Adrian Grunberg,NaN,2e+07,1
Adrian Lyne,52752475,5e+07,1
Adrian Picardi,NaN,NaN,1
Adrienne Shelly,19067631,2e+06,1
Agnieszka Holland,352786,1.1e+07,1
Agnieszka Wojtowicz-Vosloo,108229,4500000,1
Akiva Goldsman,22451,6e+07,1
Akiva Schaffer,24135647,6.8e+07,2
Alain Berliner,769009,NaN,1
Alain Hain,NaN,NaN,1
Alain Jakubowicz,NaN,5e+05,1
Alan Ball,371446,NaN,2
Alan Brown,NaN,NaN,2
"Alan Cumming,Jennifer Jason Leigh",4013506,NaN,1
Alan Hicks,162530,NaN,1
"Alan Lau,Kenn Navarro",NaN,50000,1
Alan Pao,NaN,1.5e+07,1
Alan Parker,16316200,37500000,2
Alan Peterson,NaN,5e+05,1
"Alan Polsky,Gabe Polsky",NaN,NaN,1
Alan Poul,37481242,3.5e+07,1
Alan Rudolph,3707201,NaN,1
Alan Taylor,206360018,1.7e+08,1
Alan White,NaN,NaN,2
"Alastair Fothergill,Keith Scholey",16592356,NaN,2
"Alastair Fothergill,Mark Linfield",28965459,NaN,1
Albert Brooks,887416,1e+07,1
"Albert Hughes,Allen Hughes",52673107.6666667,5e+07,3
Albert Maysles,1310229,NaN,2
Albert Pyun,NaN,7e+06,1
Alec Gillis,NaN,NaN,1
Alejandro Agresti,52320979,4e+07,1
Alejandro Amenábar,96471845,1.7e+07,1
Alejandro G. Iñárritu,31796485.25,2.2e+07,4
Alejandro Monteverde,8108247,3300000,2
Alex Budovsky,NaN,NaN,1
Alex Gibney,523534.5,1e+06,5
"Alex Gregory,Peter Huyck",154604,NaN,1
Alex Holdridge,172177,25000,1
Alex Jones,NaN,1e+05,1
Alex Kendrick,28167646,1150000,4
Alex Kurtzman,12412386,1.6e+07,1
Alex Merkin,NaN,NaN,1
Alex Nicolaou,NaN,5e+05,1
Alex Orr,NaN,25000,1
Alex Proyas,112371731.5,8.5e+07,2
Alex Rivera,75727,2500000,3
Alex Ross Perry,137600,NaN,1
"Alex Smith,Andrew J. Smith",13134,5e+05,1
Alex Stapleton,6468,NaN,1
Alex Steyermark,9160,NaN,2
Alex Turner,NaN,1500000,2
Alex Winter,8278,NaN,2
Alex Zamm,NaN,9800000,5
Alexander Barnett,NaN,NaN,1
Alexander Bulkley,44785,1e+06,2
Alexander Gruszynski,NaN,1.5e+07,1
Alexander Payne,56164875.1666667,17666666.6666667,6
Alexander Witt,50740078,4.5e+07,1
Alexandra T. Steele,NaN,NaN,1
Alexandre Aja,12583776,2.4e+07,2
Alexandre O. Philippe,NaN,NaN,1
Alexis Lloyd,14686,1e+06,1
Alfonso Cuarón,186243368.666667,1.02e+08,3
Alfonso Gomez-Rejon,NaN,NaN,1
Alfredo Rodriguez de Villa,7502429,6e+06,5
Alison Bagnall,NaN,NaN,2
Alison Eastwood,21414,NaN,1
"Alison Ellwood,Alex Gibney",153943,NaN,1
Alister Grierson,23070045,3e+07,1
Allen Coulter,14415222,NaN,1
Allen Wolf,28841,1e+06,1
Alonso Mayo,NaN,2500000,2
Alphonzo Wesson,NaN,1e+05,1
Alrick Brown,NaN,4e+05,1
Ami Canaan Mann,45282,NaN,2
Amir Bar-Lev,515107,NaN,2
Amy Berg,15443493,NaN,3
Amy Heckerling,5156651.33333333,17333333.3333333,3
Amy Seimetz,NaN,NaN,1
Amy Waddell,NaN,NaN,1
Ana Lily Amirpour,NaN,NaN,1
Anand Tucker,12561,1.9e+07,1
Anders Anderson,7306,2e+06,2
Andrea Blaugrund Nevins,53214,NaN,1
Andrei Severny,NaN,NaN,1
Andrew Adamson,148606577.666667,202500000,3
"Andrew Adamson,Kelly Asbury",436471036,1.5e+08,1
"Andrew Adamson,Vicky Jenson",267652016,6e+07,1
Andrew Black,208071,NaN,2
Andrew Bujalski,101218,NaN,1
Andrew Davis,54119291.3333333,58333333.3333333,3
Andrew Dominik,9421776,22500000,2
"Andrew Droz Palermo,Tracy Droz Tragos",NaN,NaN,1
"Andrew Erwin,Jon Erwin",7047133.66666667,5e+06,3
Andrew Fleming,12729736.25,18750000,4
Andrew Hyatt,NaN,250000,1
Andrew Jarecki,1848183.5,NaN,2
"Andrew Kukura,Jenny Phillips",32000,NaN,1
Andrew Leman,NaN,50000,2
Andrew Levitas,NaN,NaN,1
Andrew Neel,NaN,NaN,1
Andrew Niccol,19659316.2,43333333.3333333,5
Andrew Okpeaha MacLean,70526,NaN,1
Andrew Paquin,NaN,NaN,1
Andrew Prowse,NaN,NaN,1
Andrew Robinson,NaN,1100000,1
Andrew Rossi,583291.5,NaN,2
Andrew Stanton,148432784,221850000,2
"Andrew Stanton,Lee Unkrich",380838870,9.4e+07,1
Andrew Waller,NaN,NaN,1
Andrew Wilding,NaN,NaN,1
"Andrew Wilson,Luke Wilson",127144,8e+06,1
Andrzej Bartkowiak,35821900,33200000,5
"Andy Bichlbaum,Mike Bonanno",189506,NaN,1
Andy Cadiff,12189514,2.3e+07,1
Andy Cheng,6877133,2.6e+07,1
Andy Fickman,58879108.4,30400000,5
Andy Garcia,2483955,9600000,2
Andy Hurst,NaN,1e+07,1
Andy Tennant,104953522,6e+07,3
Ang Lee,86892122.25,75250000,4
Angel Gracia,3016244,NaN,1
Angela Ismailos,17921,NaN,2
Angela Liu,NaN,NaN,1
Angela Robinson,33049398.5,17840000,3
Angelina Jolie Pitt,57952642.5,26166666.6666667,3
Angus MacLachlan,NaN,NaN,1
Anja Marquardt,900,NaN,1
"Anna Boden,Ryan Fleck",3715990,8e+06,4
Anne Fletcher,85780846.5,30500000,4
Anne Renton,107721,NaN,2
Annette Haywood-Carter,36746,5e+06,1
"Anthony Bell,Ben Gluck",25077977,2e+07,1
Anthony Burns,11108,3e+06,3
Anthony C. Ferrante,NaN,NaN,1
Anthony DiBlasi,1678,NaN,2
Anthony Geffen,873594,NaN,1
Anthony Hemingway,49875589,5.8e+07,1
Anthony Hopkins,6273,NaN,1
Anthony Leondis,19528188,2.5e+07,1
Anthony Minghella,48280787,7.9e+07,2
Anthony O'Brien,NaN,2100000,1
"Anthony Russo,Joe Russo",111895084.666667,78666666.6666667,3
Anthony Waller,NaN,2.2e+07,1
Anthony Wonke,NaN,NaN,2
Antoine Fuqua,52608636,56875000,9
Anton Corbijn,26416735.5,17500000,4
Antonio Campos,11954.5,NaN,2
Antonio Negret,NaN,5e+06,2
Antti Jokinen,NaN,2e+07,1
Ari Kirschenbaum,25918,NaN,1
Aric Avelino,24030,NaN,1
Arie Posin,49526,6800000,1
Ariel Vromen,1939441,7500000,2
Armand Mastroianni,1036886,1e+07,1
"Aron Gaudet,Gita Pullapilly",28116,NaN,1
Artie Mandelberg,NaN,2e+06,1
Asger Leth,18600911,4.2e+07,1
"Asger Leth,Milos Loncarevic",48752,NaN,1
Ash Adams,NaN,NaN,1
Ash Christian,NaN,NaN,2
Atom Egoyan,3074838,1.1e+07,2
Atsushi Takeuchi,NaN,NaN,1
Audrey Wells,43601508,1.8e+07,1
Audu Paden,NaN,NaN,1
Austin Chick,11762,3400000,1
Ava DuVernay,26072015,6750000,3
Azazel Jacobs,653578,NaN,2
Baltasar Kormákur,47355251.6666667,3.2e+07,3
"Barbara Brancaccio,Joshua Zeman",35456,NaN,1
"Barbara Kopple,Cecilia Peck",1207325,NaN,1
Barbara Schroeder,NaN,75000,1
Barbara Stepansky,NaN,NaN,1
Barbara Toennies,NaN,NaN,1
Barbet Schroeder,31874869,5e+07,1
Barra Grant,NaN,2e+06,1
Barrett Blade,NaN,NaN,1
Barry Battles,NaN,4e+06,1
Barry Jenkins,110869,13000,1
Barry Levinson,12697026.75,20200000,5
Barry Sonnenfeld,112025995,117500000,4
Barry W. Blaustein,17717621.5,NaN,2
Bart Freundlich,6110133,9666666.66666667,4
Basel Owies,NaN,NaN,1
Baz Luhrmann,101099582.5,78750000,2
Ben Affleck,96128087.25,36250000,4
"Ben Chace,Sam Fleischner",NaN,NaN,1
Ben Coccio,7221,20000,1
"Ben Cotner,Ryan White",NaN,NaN,1
"Ben Cummings,Orson Cummings",NaN,NaN,1
Ben Falcone,84518155,2e+07,1
Ben Gluck,NaN,NaN,1
Ben Ketai,NaN,NaN,1
Ben Lewin,5997134,1e+06,1
Ben Ramsey,NaN,3700000,1
Ben Rock,NaN,NaN,1
"Ben Safdie,Joshua Safdie",60252.6666666667,NaN,3
Ben Shapiro,58978,NaN,1
Ben Stassen,14532946,2.5e+07,1
Ben Stiller,84322911,9.1e+07,2
Ben Younger,19833102,8e+06,2
Benh Zeitlin,12784397,1800000,1
"Benjamin Nolot,Matt Dickey",NaN,NaN,1
Bennett Davlin,NaN,3500000,1
Bennett Miller,38816454,2.7e+07,3
Benny Boom,10017041,5500000,2
Benson Lee,NaN,NaN,1
Bent Hamer,808221,1e+06,2
Bernard Rose,NaN,6e+05,1
"Bernie Goldmann,Melisa Wallack",59108,NaN,1
Bertrand Tavernier,NaN,NaN,1
Bess Kargman,894471,NaN,2
Beth Schacter,NaN,NaN,1
Bette Gordon,22878,1e+06,2
Betty Thomas,99219525,45333333.3333333,3
Bharat Nalluri,NaN,1e+07,1
"Bibo Bergeron,Don Paul",50802661,9.5e+07,1
"Bibo Bergeron,Vicky Jenson",160762022,7.5e+07,1
Bill Bannerman,NaN,NaN,1
"Bill Boyce,John Stronach",938232,1e+07,1
Bill Condon,138076414.2,67800000,5
Bill Duke,10572742,8e+06,1
"Bill Guttentag,Dan Sturman",160140,NaN,1
Bill Maher,168972,NaN,2
Bill Paxton,15331289,NaN,1
Bill Plympton,NaN,125000,3
Bill Sebastian,NaN,50000,1
Bill Tangeman,NaN,1000,1
Bill Zebub,NaN,NaN,2
Bille Woodruff,28534595,18333333.3333333,4
Billy Bob Thornton,7770750.5,5.7e+07,2
Billy Kent,NaN,5e+06,1
Billy Ray,12458263.3333333,6e+06,3
Bix Skahill,NaN,NaN,1
"Blaine Cade,J. Horton",NaN,25000,1
Blair Hayes,5002310,1.3e+07,1
Blair Treu,405182,2500000,1
Blayne Weaver,20915,NaN,1
"Bo Landin,Sterling Van Wagenen",NaN,NaN,1
Bo Welch,100446895,1.09e+08,1
Bo Zenga,NaN,NaN,1
Boaz Yakin,56563598,26666666.6666667,3
"Bob Badway,Michael Emanuel",NaN,NaN,1
Bob Clark,9109322,2e+07,1
Bob Dolman,21664518.5,1e+07,2
Bob Fugger,NaN,1750000,1
Bob Giraldi,110000,NaN,1
Bob Gosse,1425993,NaN,1
Bob Misiorowski,NaN,1.8e+07,2
Bob Odenkirk,2757370.5,1e+07,2
Bob Rafelson,NaN,1.2e+07,1
"Bobbie Birleffi,Beverly Kopf",15461,NaN,1
"Bobby Farrelly,Peter Farrelly",49708126.2,4.8e+07,10
Bobby Roe,NaN,NaN,1
Bobcat Goldthwait,91254.75,NaN,4
Borga Dorter,NaN,10600,1
Brad Anderson,10595849.8,8625000,6
Brad Bernstein,33428,NaN,1
Brad Bird,235401249.5,118500000,2
Brad Furman,57981889,26933333.3333333,3
Brad Gann,6900,3e+06,1
Brad Peyton,73693978.5,8.2e+07,2
Brad Silberling,43732896.25,8.7e+07,4
Brad Turner,NaN,NaN,1
Bradley King,NaN,NaN,1
Bradley Raymond,NaN,4.8e+07,3
Bradley Rust Gray,12873,NaN,2
Brandon Camp,22927390,1.8e+07,2
Brandon Nutt,NaN,NaN,1
Brandon Vietti,NaN,NaN,1
Breck Eisner,39103378,2e+07,1
"Brendan Malloy,Emmett Malloy",13903262,1.1e+07,1
Brent Maddock,NaN,NaN,1
Brett Morgen,176545,NaN,1
Brett Ratner,118533840.5,101375000,8
Brett Simmons,NaN,NaN,2
Brett Simon,NaN,11500000,2
Brian A Miller,NaN,1.8e+07,1
Brian Baugh,3773863,1e+06,2
Brian Clyde,NaN,NaN,1
Brian Crano,NaN,2e+06,2
Brian Dannelly,22930,NaN,1
Brian De Palma,11291706,27500000,2
Brian Falk,NaN,NaN,1
Brian Goodman,NaN,NaN,1
Brian Hecker,53760,2e+06,1
Brian Helgeland,52915018.6666667,47666666.6666667,3
Brian Herzlinger,NaN,8e+06,1
"Brian Hooks,Deon Taylor",NaN,3e+06,1
Brian Ivie,NaN,NaN,1
Brian King,NaN,NaN,1
"Brian Klugman,Lee Sternthal",11434867,6e+06,1
Brian Knappenberger,48911,NaN,2
"Brian Koppelman,David Levien",7996484,1.5e+07,2
Brian Levant,55738101.5,38750000,5
Brian Pelletier,NaN,NaN,1
Brian Percival,21483154,1.9e+07,2
Brian Pimental,NaN,NaN,1
Brian Pulido,NaN,NaN,1
Brian Robbins,52361563,48500000,6
Brian Sloan,NaN,NaN,1
Brian Smith,NaN,NaN,1
Brian Spitz,NaN,NaN,1
Brin Hill,NaN,1e+06,1
Brooks Branch,28943,2500000,1
Bruce Beresford,539896,2.5e+07,3
Bruce Branit,NaN,2500,1
Bruce Campbell,173066,1500000,2
"Bruce Gowers,David Mallet",NaN,5e+06,1
Bruce Hendricks,42220854.5,7e+06,2
Bruce Hunt,14888028,3e+07,1
Bruce McCulloch,13973532,2.5e+07,1
Bruce Paltrow,4734235,1.5e+07,1
Bruce Robinson,13100042,4.5e+07,2
Bruce Weber,NaN,NaN,1
Bruno Barreto,15589458,3e+07,1
Bryan Barber,12549485,1.5e+07,1
Bryan Bertino,52534295,1e+07,2
Bryan Buckley,NaN,NaN,1
Bryan Darling,NaN,NaN,1
Bryan Goluboff,NaN,NaN,1
Bryan Gunnar Cole,13800,2e+06,1
Bryan H. Carroll,NaN,NaN,1
Bryan Michael Stoller,NaN,6e+06,1
Bryan Singer,159080370.166667,1.44e+08,6
Bryce Dallas Howard,NaN,1e+06,1
Bryce Wagoner,NaN,4e+05,1
Buddy Giovinazzo,NaN,4e+06,1
Burr Steers,47643393.5,3.2e+07,2
"Byron Howard,Chris Williams",114053579,1.5e+08,1
C. Jay Cox,557271.666666667,733333.333333333,3
C.B. Harding,8074933,NaN,1
C.J. Hunt,NaN,NaN,1
Cal Brunker,57011847,4e+07,1
Callie Khouri,45127693.5,24500000,2
Cam Archer,9089,83833.3333333333,3
Cameron Crowe,33859360,58500000,4
Campbell Scott,1310368,NaN,1
"Carl Deal,Tia Lessin",519981,9e+05,1
Carl Franklin,41117920.3333333,47333333.3333333,3
Carl Rinsch,38297305,1.75e+08,2
Carlene Cordova,NaN,NaN,1
Carlos Brooks,7395,NaN,2
Carlos Portugal,NaN,5e+05,1
Carlos Saldanha,156828055.333333,9.1e+07,3
"Carlos Saldanha,Mike Thurmeier",196573705,9e+07,1
Carroll Ballard,860002,1.2e+07,1
Carter,NaN,1500000,2
Carter Smith,17427926,8e+06,2
"Cary Howe,Tony Kandah",NaN,1250000,1
Cary Joji Fukunaga,2534351,NaN,1
Caryn Waechter,NaN,1e+06,1
Casey Affleck,408719,NaN,1
Casey La Scala,3140616.5,NaN,2
Casper Andreas,20398.5,125000,7
"Casper Andreas,Fred M. Caruso",22346,NaN,1
Catherine Cyran,NaN,NaN,2
Catherine Hardwicke,56465619.8,27100000,5
"Cathy Malkasian,Jeff McGrath",39880476,2.5e+07,1
Caveh Zahedi,112874,NaN,1
Cecilia Miniucchi,NaN,NaN,1
Cédric Klapisch,335430,NaN,1
Chad Ahrendt,NaN,NaN,1
Chad Feehan,NaN,NaN,1
Chad Freidrichs,44683,NaN,1
Chad Mallam,NaN,NaN,1
"Chad Stahelski,David Leitch",42996986,2e+07,1
Chadd Harbold,NaN,NaN,1
Chan-wook Park,1702277,1.2e+07,2
Chandler Tuttle,NaN,NaN,2
Charles Band,NaN,NaN,1
Charles de Lauzirika,NaN,NaN,1
Charles Ferguson,2871009.5,2e+06,2
"Charles Guard,Thomas Guard",28573173,NaN,1
Charles Herman-Wurmfeld,3732789,925000,4
Charles Martin Smith,57149586.5,36500000,2
Charles Matthau,NaN,NaN,1
Charles Oliver,5109,NaN,1
Charles Poekel,NaN,NaN,1
Charles Robert Carner,4131640,7500000,1
Charles Shyer,13395939,6e+07,1
Charles Stone III,39099232,2.5e+07,2
Charles Sturridge,651365,NaN,1
Charles Winkler,NaN,NaN,1
Charles Yi,NaN,8000,1
Charles-Olivier Michaud,NaN,NaN,1
Charlie Kaufman,3081925,2.1e+07,1
Charlie McDowell,511635,1e+05,1
Charlie Stratton,420266,NaN,1
Cheryl Hines,25137,NaN,1
Chiara Clemente,NaN,NaN,1
Chris Angel,NaN,NaN,1
Chris Bell,307811,NaN,1
Chris Brinker,NaN,NaN,1
"Chris Buck,Jennifer Lee",400736600,1.5e+08,2
"Chris Butler,Sam Fell",55994557,6e+07,1
Chris Carter,20981633,3e+07,1
Chris Chow,NaN,NaN,2
Chris Columbus,142432335.4,75600000,5
Chris Cullari,NaN,NaN,1
Chris D'Arienzo,NaN,NaN,1
Chris Eigeman,NaN,5e+05,2
Chris Eska,74494,35000,1
Chris Evans,37047,NaN,2
Chris Eyre,29604,NaN,1
Chris Fisher,181,4e+06,2
Chris Gorak,10745803.5,3e+07,4
"Chris Hegedus,Jehane Noujaim",1280975,NaN,1
Chris J. Ford,2359,NaN,1
Chris Kentis,30500882,5e+05,2
Chris Liliedahl,NaN,18000,1
Chris Malloy,29084,NaN,1
Chris Mason Johnson,16812.6666666667,250000,3
Chris Messina,NaN,NaN,1
Chris Miller,149234747,1.3e+08,2
"Chris Miller,Raman Hui",320706665,1.6e+08,1
Chris Moore,NaN,6e+06,1
Chris Nelson,NaN,NaN,1
Chris Paine,1677838,1e+06,1
"Chris Renaud,Kyle Balda",213949505,7e+07,1
Chris Robinson,21160089,NaN,1
Chris Rock,25205343.6666667,23600000,3
Chris Russell,NaN,NaN,1
Chris Shadley,NaN,2e+06,1
Chris Sivertson,7233485,1.2e+07,1
Chris Smith,46964,NaN,1
Chris Stokes,40066497,8e+06,1
Chris Terrio,1158405,NaN,2
Chris Wedge,107515297,1e+08,1
"Chris Wedge,Carlos Saldanha",128200012,7.5e+07,1
Chris Weitz,122820490.666667,8e+07,3
"Chris Weitz,Paul Weitz",64172251,3e+07,1
Christian Alvart,13248477,2.7e+07,1
Christian Camargo,6003,NaN,1
Christian Charles,11431,NaN,2
Christian Duguay,30199105,22666666.6666667,3
Christian E. Christiansen,18652173,11500000,2
Christina Choe,NaN,NaN,1
Christine Jeffs,12055108,8e+06,1
"Christoph Baaden,Marcie Hume",NaN,NaN,1
"Christopher Berkeley,Lauren Montgomery",NaN,3500000,1
"Christopher Bird,Kevin Brownlow",NaN,NaN,1
Christopher Denham,NaN,NaN,1
Christopher Dillon Quinn,NaN,NaN,1
"Christopher Dillon Quinn,Tommy Walker",275736,NaN,1
Christopher Guest,12081637,9e+06,2
Christopher Hines,NaN,NaN,1
Christopher Kenneally,28592,NaN,1
Christopher Landon,32453345,5e+06,3
Christopher Long,213621,NaN,1
Christopher McQuarrie,43040749.5,34250000,2
Christopher Munch,14923,NaN,2
Christopher N. Rowley,488393,NaN,1
Christopher Neil,NaN,5e+06,1
Christopher Nolan,226653447,125625000,8
Christopher Spencer,59696176,2.2e+07,1
Chuck O'Neil,NaN,NaN,1
Chuck Parello,5708,NaN,1
Chuck Patton,NaN,NaN,1
Chuck Russell,59857924,5e+07,2
Chuck Workman,15528,813505,1
Ciarán Foy,27736779,1e+07,1
Clare Kilner,14108518,1.2e+07,3
Clare Lewins,4178,NaN,1
Clark Gregg,2926565,3e+06,1
Clark Johnson,76461288,7e+07,2
Claudia Myers,NaN,5e+06,1
Claudio Fäh,NaN,4700000,2
Clay Jeter,NaN,NaN,1
Clay Liford,NaN,NaN,1
Clay Tweel,NaN,NaN,1
Clint Eastwood,85391645.5,50566666.6666667,12
Cody Cameron,NaN,NaN,2
"Cody Cameron,Kris Pearn",119793567,7.8e+07,2
Coley Sohn,NaN,20000,2
"Colin Brady,Christopher Reeve",14522427,NaN,1
Colin Levy,NaN,NaN,1
Colin Minihan,NaN,NaN,1
"Colin Strause,Greg Strause",31584245.5,2.5e+07,2
Colin Theys,NaN,750000,1
Colin Trevorrow,4007792,750000,1
Constance Marks,302652,NaN,1
Corey Grant,NaN,NaN,1
Corey Yuen,480314,2.1e+07,1
Corey Ziemniak,NaN,29000,1
"Cory Edwards,Todd Edwards",51053787,17500000,2
Cory McAbee,NaN,NaN,1
Courteney Cox,8129,NaN,2
Courtney Hunt,2508841,1e+06,1
Courtney Solomon,15927111,24333333.3333333,3
Craig Brewer,41920903.3333333,18666666.6666667,3
Craig Chester,309384,NaN,1
Craig Gillespie,20232100.3333333,22333333.3333333,3
"Craig Gillespie,David Dobkin",25769067,2.2e+07,1
Craig Lucas,NaN,NaN,1
Craig M. Saavedra,9626,650000,1
Craig Mazin,25871834,3.5e+07,1
Craig McCracken,11411644,1.1e+07,1
Craig Moss,NaN,1300000,3
Craig R. Baxley,NaN,4600000,1
Craig Shapiro,NaN,6e+06,2
Craig Singer,NaN,NaN,1
Craig William Macneill,NaN,NaN,1
Craig Zisk,NaN,NaN,1
Craig Zobel,152899.666666667,270000,3
Curt Geda,NaN,NaN,4
"Curt Geda,Steven E. Gordon",NaN,NaN,2
Curt Morgan,NaN,2e+06,2
Curtis Hanson,36100938.4,51500000,5
Cynthia Wade,NaN,NaN,1
Cyrus Nowrasteh,655647,NaN,2
D. Kerry Prior,NaN,NaN,1
D.J. Caruso,48745987.8333333,35571428.5714286,7
D.M.W. Greer,NaN,NaN,1
Dagur Kári,19959,3800000,2
Daisy von Scherler Mayer,3034181,1.1e+07,1
Dallas Jenkins,814906,NaN,1
Damian Harris,NaN,2300000,1
Damien Chazelle,13092000,3300000,1
Damien Dante Wayans,25615792,2.5e+07,1
Damon Santostefano,NaN,5e+06,3
Dan Beers,NaN,NaN,1
"Dan Cutforth,Jane Lipsitz",25240988,1.2e+07,1
Dan Fogler,NaN,150000,1
Dan Gildark,15213,750000,1
Dan Gilroy,32279955,8500000,1
Dan Harris,228524,4e+06,1
Dan Ireland,NaN,NaN,1
Dan Lantz,NaN,75000,1
"Dan Ollman,Sarah Price",198975,NaN,1
Dan Scanlon,268488329,2e+08,1
Dana Adam Shapiro,20202,5e+06,1
Dana Brown,3672451,NaN,1
Dana Nachman,73002,NaN,1
Danfung Dennis,37539,NaN,1
Daniel Adams,184149,6833333.33333333,3
Daniel Algrant,121972,2.2e+07,2
Daniel Barber,27166,NaN,1
Daniel Barnz,10506308.3333333,13666666.6666667,6
"Daniel Beahm,Erika Randall Beahm",NaN,NaN,1
Daniel Benmayor,NaN,1.1e+07,1
"Daniel DelPurgatorio,Mike Smith",NaN,NaN,1
Daniel Espinosa,63677895,67500000,2
Daniel G. Karslake,309123,NaN,1
"Daniel Geller,Dayna Goldfine",815848,NaN,1
Daniel Hsia,10443,NaN,1
"Daniel Junge,Sharmeen Obaid-Chinoy",NaN,NaN,1
"Daniel Lindsay,T.J. Martin",561054,NaN,1
Daniel McCarthy,NaN,NaN,1
Daniel Myrick,95,2900000,3
Daniel Patrick Carbone,NaN,NaN,1
Daniel Sackheim,17951431,3e+07,1
Daniel Schechter,261695,1.2e+07,2
Daniel Stamm,20499594.5,2900000,2
Daniel Taplitz,11827301,NaN,1
Daniel Waters,23563,5e+06,1
Danny Boyle,16486358,26500000,5
Danny Buday,NaN,NaN,1
Danny Cannon,4280577,1e+07,1
Danny DeVito,9003907.5,47500000,2
Danny Draven,NaN,NaN,1
Danny Leiner,9187618,4750000,4
"Danny Pang,Oxide Chun Pang",25327256.5,2.8e+07,2
Dante Ariola,NaN,NaN,1
Dario Piana,NaN,4400000,3
Darius Clark Monroe,NaN,NaN,1
Darnell Martin,8134217,1.2e+07,1
"Darrell Rooney,Jeannine Roussel",NaN,NaN,1
Darren Aronofsky,45722432.3333333,31583333.3333333,6
Darren Grant,50382128,5500000,1
"Darren Grodsky,Danny Jacobs",81364,NaN,1
Darren Lynn Bousman,140244,10166666.6666667,4
Darren Stein,NaN,NaN,1
Daryl Wein,131708.5,NaN,2
Daryn Tufts,NaN,NaN,1
"Dave Borthwick,Jean Duval",7382993,2e+07,1
Dave Boyle,92918,NaN,1
Dave Bullock,NaN,3500000,1
Dave Filoni,35154336,8500000,1
Dave Green,38916903,1.3e+07,1
Dave Grohl,422417,NaN,1
Dave Kim,NaN,NaN,1
Dave McKean,864959,4e+06,1
Dave Meyers,16366370,1e+07,1
Dave Parker,NaN,NaN,1
Dave Snyder,NaN,30000,1
David Anspaugh,375474,15500000,2
David Arquette,20840,NaN,2
David Atkins,2025238,6e+06,2
David Au,NaN,NaN,1
David Ayer,40901433.5,32500000,4
David Barrett,NaN,10400000,1
David Bokser,NaN,1000,2
David Bowers,40413962.6666667,3.6e+07,3
"David Bowers,Sam Fell",64459316,1.49e+08,1
David Brooks,2034,3e+06,2
"David Bruckner,Dan Bush",597420,50000,1
David Carson,NaN,2e+07,1
David Chase,607327,2e+07,1
"David Clark,Bayley Silleck",NaN,NaN,1
David Cronenberg,16318770.6666667,23500000,3
David DeCoteau,1529,1e+06,1
David Dobkin,91340041.25,47333333.3333333,4
David Douglas,10659604,NaN,1
David Duchovny,371081,6e+06,2
David E. Talbert,37931869,NaN,1
David Fincher,103836101.333333,75666666.6666667,6
David France,122665,NaN,1
David Frankel,116612985.666667,5e+07,3
David G. Evans,2428241,2e+05,2
David Gelb,25799043,3300000,1
David Gordon Green,17644695.25,17480000,8
David Gregory,NaN,1e+06,1
David Grovic,48817,NaN,1
David Guy Levy,NaN,NaN,1
David Hackl,NaN,1e+07,1
David Harrison,NaN,12000,1
"David Hillenbrand,Scott Hillenbrand",NaN,NaN,1
David Hollander,NaN,NaN,1
David Jacobson,NaN,NaN,2
David Kendall,145450,NaN,1
David Kittredge,NaN,NaN,2
David Koepp,27090288,31666666.6666667,3
David L. Cunningham,8791738,29500000,2
David LaChapelle,3278611,NaN,1
"David Leaf,John Scheinfeld",1102937,NaN,1
David Lebrun,NaN,1e+06,1
David Lee Miller,NaN,2e+06,2
David Lickley,24833997,NaN,2
David Lynch,7219578,1.5e+07,2
David M. Evans,1158779,5e+06,3
David M. Rosenthal,NaN,3e+06,1
David M. Young,NaN,NaN,1
David Mackay,NaN,NaN,1
David Mackenzie,249590,NaN,1
David Mamet,3605653.6,20125000,5
David McNally,63760630.5,52500000,2
"David Molina,Terry Shakespeare",NaN,5200000,2
"David Moreau,Xavier Palud",31397498,1.2e+07,1
David Moreton,29452,NaN,2
David Nelson,NaN,5e+06,1
"David Nixon,Patrick Doughtie",2848578,3500000,1
David O. Russell,92148222.2857143,27857142.8571429,7
David O'Reilly,NaN,NaN,1
David Oliveras,5343,1200000,1
David Ondaatje,NaN,NaN,1
"David Palmer,Dax Shepard",13746550,2e+06,1
"David Pastor,Àlex Pastor",90820,NaN,1
David Petrarca,NaN,5e+06,1
David Prior,NaN,NaN,2
David R. Ellis,26437400.5,2.9e+07,2
David Raynr,8735529,1.5e+07,1
David Redmon,NaN,NaN,1
"David Redmon,Ashley Sabin",21154,NaN,1
David Ren,NaN,1100000,1
"David Ridgen,Nicolas Rossier",NaN,NaN,1
David Riker,NaN,NaN,1
David Robert Mitchell,39001,NaN,2
David Ross,40677,NaN,1
David S. Goyer,38534624.3333333,3.7e+07,3
"David Salzberg,Christian Tureaud",311975,NaN,1
David Seltzer,NaN,NaN,1
David Silverman,183132370,7.5e+07,2
David Sington,1134049,2e+06,1
David Slade,113700023.666667,33650000,3
David Soren,83024900,1.35e+08,1
David Thorpe,57000,NaN,1
David Twohy,25922125.1666667,4.5e+07,6
David Von Ancken,413877,1.8e+07,1
David Wain,28340423.1666667,16562500,6
David Weinstein,NaN,NaN,1
David Worth,NaN,NaN,2
David Yates,322645639.666667,137500000,3
David Zellner,621127,NaN,1
David Zucker,62791798.8,32800000,5
Davis Guggenheim,7088733.66666667,16500000,7
Deagol Brothers,NaN,150000,1
Dean DeBlois,176997107,1.45e+08,1
"Dean DeBlois,Chris Sanders",181579762,122500000,2
"Dean Hamer,Joe Wilson",NaN,180000,1
Dean Israelite,22331028,1.2e+07,1
Dean Matthew Ronalds,NaN,725000,1
Dean Parisot,53215979,8.4e+07,1
Deb Hagan,4693919,6500000,1
Deborah Kampmeier,128092,3750000,2
Debra Granik,6531491,2e+06,1
Declan O'Brien,NaN,NaN,1
Dee Rees,758099,NaN,2
Delaney Bishop,NaN,21000,1
Demian Lichtenstein,15738632,4.2e+07,1
Denis Henry Hennelly,NaN,NaN,1
Denis Villeneuve,60962878,4.6e+07,1
Dennie Gordon,25698854.6666667,22566666.6666667,3
Dennis Dimster,NaN,3e+06,2
Dennis Dortch,6141,NaN,1
Dennis Dugan,96358313,73600000,6
Dennis Fallon,NaN,NaN,2
Dennis Iliadis,32721635,1.5e+07,1
Dennis Lee,36884,8e+06,1
Denny Tedesco,800521,NaN,1
Denzel Washington,25652144.5,13750000,2
Deon Taylor,143000,3500000,2
Derek Cianfrance,15542428.5,9250000,2
Derick Martini,NaN,4250000,4
Dermot Mulroney,1378,1200000,1
Derrick Borte,1474508,5e+06,2
Des McAnuff,26000610,7.6e+07,1
Desmond Nakano,NaN,NaN,1
Destin Daniel Cretton,1010414,NaN,2
Diane Bell,NaN,5e+05,1
"Diane Crespo,Stefan C. Schaefer",16506,120000,1
Diane English,26896744,16500000,1
Diane Keaton,36037909,6e+07,1
Diego Luna,5550866,1e+07,1
Dimitri Logothetis,NaN,NaN,1
"Dinesh D'Souza,John Sullivan",33349949,2500000,2
Dito Montiel,5903332.25,1.5e+07,4
DJ Pooh,10097096,4e+06,1
Dolph Lundgren,NaN,4e+06,3
"Dominic Howes,Joel Weber",NaN,NaN,1
Dominic Sena,51627026.5,61250000,4
Don Argott,299634,NaN,2
Don Coscarelli,141307,NaN,1
Don E. FauntLeRoy,NaN,1.2e+07,1
Don Hahn,80172,NaN,2
"Don Hall,Chris Williams",222487711,1.65e+08,1
Don Handfield,204068,5e+06,1
"Don Kempf,James D. Stern",18642318,NaN,1
Don Mancini,17016190,1.2e+07,2
Don Michael Paul,15361537,1.3e+07,2
Don Roos,12703838,3.5e+07,3
Don Roy King,NaN,NaN,1
Don Scardino,22525921,3e+07,1
Don Was,NaN,NaN,1
Donald Petrie,52648808.8571429,32571428.5714286,7
Donald Wrye,NaN,NaN,1
"Dong-Wook Lee,Tommy Yune",NaN,NaN,2
Donovan Cook,NaN,NaN,1
Doug Atchison,18811135,NaN,1
Doug Ellin,32361416,3e+07,1
Doug Liman,84536815.6666667,81166666.6666667,6
Doug Pray,NaN,NaN,1
Douglas Buck,NaN,5e+06,1
Douglas Langway,NaN,NaN,1
Douglas McGrath,5394822.5,18500000,2
Drake Doremus,16255,5e+05,4
Drew Ann Rosenberg,NaN,2e+05,1
Drew Barrymore,13034417,1.5e+07,1
"Drew Daywalt,David Schneider",NaN,5e+06,1
Drew Goddard,42043633,3e+07,1
Drew Maxwell,NaN,NaN,1
Drew Thomas,NaN,NaN,1
Dror Soref,53723,NaN,1
Duncan Jones,54696902,3.2e+07,1
Duncan Roy,NaN,NaN,1
Duncan Tucker,9013113,1e+06,1
Dustin Lance Black,6915,NaN,1
Dwayne Carey-Hill,NaN,NaN,1
Dwight H. Little,NaN,3e+07,1
"Dwight H. Little,John Blush",31526393,2.5e+07,1
Dylan Avery,NaN,27500,2
Dylan Kidd,718084.5,NaN,2
E. Elias Merhige,8495790.5,17500000,2
E.L. Katz,59379,2e+05,1
Ed Decter,28972187,1.3e+07,1
Ed Harris,14401958.5,6e+06,2
Ed Solomon,209151,7500000,1
Eddie O'Flaherty,NaN,NaN,1
Edgar Wright,28748709.5,4e+07,2
"Edith Becker,Kevin Burns",NaN,NaN,1
"Edna Luise Biesold,Sarah-Violet Bliss",NaN,NaN,1
"Eduardo Quiroz,Jose Quiroz",NaN,NaN,1
Eduardo Rodriguez,NaN,3e+06,1
Eduardo Sánchez,NaN,1e+06,3
Edward Anderson,1925,2400000,1
Edward Burns,4397,1086333.33333333,4
Edward Gunawan,NaN,5000,1
Edward Neumeier,NaN,9e+06,1
Edward Zwick,41839101.2857143,54714285.7142857,7
"Efram Potelle,Kyle Rankin",279282,1e+06,1
Ekachai Uekrongtham,162,9e+06,1
Eldar Rapaport,NaN,NaN,1
Eli Craig,223615,NaN,1
Eli Roth,34004,2500000,1
Élie Chouraqui,233520,2.4e+07,1
Elijah Drenner,4584,NaN,1
Elizabeth Allen Rosenbaum,22378561,13500000,2
"Elizabeth Banks,Steven Brill",8828771,6e+06,1
Elizabeth Canner,47622,NaN,1
Elizabeth Harrison,NaN,5e+05,1
"Ellen Kuras,Thavisouk Phrasavath",NaN,NaN,1
"Ellen Seidler,Megan Siler",NaN,NaN,1
Ellie Kanner,NaN,NaN,2
Ellory Elkayem,17266505,14100000,3
Emilio Estevez,7817574.5,1.4e+07,2
Emily Young,NaN,9e+06,1
Emmett Malloy,NaN,NaN,2
Enda McCallion,NaN,3500000,1
Eran Creevy,6787,8500000,1
"Eric Bress,J. Mackye Gruber",23947,1.3e+07,1
Eric Brevig,100935564,62500000,2
Eric Bricker,96354,NaN,2
Eric Bross,NaN,3e+06,2
Eric Byler,NaN,NaN,1
"Eric Darnell,Simon J. Smith",83348920,1.32e+08,1
"Eric Darnell,Tom McGrath",196495473.333333,123333333.333333,3
Eric England,3328,70000,2
"Eric England,Nick Everhart",NaN,NaN,1
Eric Hayden,NaN,NaN,1
Eric Heisserer,NaN,4e+06,1
Eric Law Anderson,NaN,NaN,1
Eric Nicholas,10018,1e+06,1
Eric Schaeffer,20289,NaN,1
Eric Valette,NaN,1.3e+07,1
Erick Zonca,2110,6e+06,1
Ericson Core,57789574,4e+07,1
Erik Gernand,NaN,NaN,1
Erik MacArthur,NaN,NaN,1
Erik Skjoldbjærg,NaN,9e+06,1
Erik Van Looy,5981749,1.4e+07,1
Erik White,24708699,NaN,1
Ernest R. Dickerson,6476165.5,9500000,2
Ernie Barbarash,8691,6900000,5
Errol Morris,1212018,NaN,5
"Ethan Coen,Joel Coen",69584418.7777778,25222222.2222222,9
Ethan Hawke,213752.666666667,NaN,3
Ethan Spaulding,NaN,NaN,2
Eugene Jarecki,363215,NaN,2
Éva Gárdos,850023,NaN,1
Evan Glodell,167242,17000,1
"Evan Goldberg,Seth Rogen",101470202,3.2e+07,1
Evan Leong,259932,NaN,1
Everett Lewis,NaN,NaN,3
F. Gary Gray,68550874,48666666.6666667,3
"Fatih Akin,Yvan Attal",1585859,14700000,1
Fay Ann Lee,NaN,NaN,2
"Fenton Bailey,Randy Barbato",296665,5e+06,1
Fernanda Cardoso,NaN,NaN,1
Fernando Meirelles,33565375,NaN,1
Filippo Conz,NaN,NaN,1
Fina Torres,5018450,8e+06,1
Fiona Mackenzie,NaN,30000,1
Fisher Stevens,2221963,1.5e+07,3
Florent-Emilio Siri,34636443,5.2e+07,1
Floria Sigismondi,3571735,1e+07,1
Florian Henckel von Donnersmarck,67631157,1e+08,1
Forest Whitaker,9055010,3e+07,1
Fouad Mikati,NaN,NaN,1
Franc. Reyes,17504595,3500000,1
"Francesca Gregorini,Tatiana von Furstenberg",5005,3e+06,1
Francine McDougall,13276953,1.1e+07,1
Francis Ford Coppola,372065,5800000,5
Francis Glebas,23073611,3.5e+07,1
Francis Lawrence,203808199.75,104500000,4
Franck Khalfoun,2002591,7e+06,2
"François Alaux,Hervé de Crécy",NaN,NaN,1
François Girard,NaN,NaN,1
François Velle,NaN,5e+06,1
Frank A. Cappello,NaN,NaN,1
Frank Coraci,66655199.2,68400000,6
Frank Darabont,26694337,4.5e+07,2
Frank E. Flowers,136823,NaN,1
Frank Gladstone,31826,NaN,1
Frank Hall Green,NaN,NaN,1
Frank Lin,NaN,NaN,1
Frank Marshall,81593527,4e+07,1
Frank Miller,19781879,6e+07,2
"Frank Miller,Robert Rodriguez",13750556,6.5e+07,1
Frank Nissen,18081626,1.4e+07,2
"Frank O'Connor,Shinji Aramaki",NaN,NaN,1
Frank Oz,59475623,9e+07,1
Fred Durst,5761485,1.4e+07,2
Fred Savage,13235267,6e+06,1
Fred Schepisi,2166206,NaN,1
Fred Wolf,20454701,21666666.6666667,3
Frederick Wiseman,52584.5,NaN,2
Frederik Du Chau,49186871,NaN,1
Fredrik Bond,7973,NaN,1
Fruit Chan,NaN,NaN,1
Gabe Polsky,694600,NaN,1
Gabe Torres,4330,5e+05,1
Gabor Csupo,82234139,1.7e+07,1
Gabriel Cowan,NaN,3e+05,1
Gabriela Cowperthwaite,2063312,NaN,1
Gabriele Muccino,41526483,4.5e+07,2
Galt Niederhoffer,103280,4500000,1
Gareth Edwards,200661309,1.6e+08,1
Garry Marshall,73639152.5,43500000,6
Garth Jennings,51019112,5e+07,1
Gary David Goldberg,43894863,3e+07,1
Gary Fleder,24340099.6666667,4.2e+07,6
Gary Hustwit,8668,NaN,2
Gary Jones,NaN,2e+06,3
Gary Leva,NaN,NaN,8
Gary Ross,264073350,82500000,2
Gary Shore,55942830,7e+07,1
"Gary Trousdale,Kirk Wise",84037039,1.2e+08,1
Gary Winick,42675293.3333333,19460000,6
Gavin Hood,78215257.5,99375000,4
Gavin O'Connor,31244076,27666666.6666667,3
Gavin Wiesen,1429260,NaN,1
Geefwee Boedoe,NaN,NaN,3
"Geeta Gandbhir,Perri Peltz",NaN,NaN,1
"Geeta Patel,Ravi Patel",1691439,NaN,1
Genndy Tartakovsky,148313048,8.5e+07,2
Geo Santini,NaN,NaN,1
Geoff Hamby,NaN,NaN,1
"Geoff Moore,David Posamentier",72273,5e+06,1
Geoffrey Fletcher,NaN,8e+06,1
Geoffrey Haley,NaN,NaN,1
Geoffrey Sax,19056922.3333333,3e+07,3
George A. Pappy Jr.,NaN,1200000,1
George A. Romero,952620,2e+06,2
George Armitage,6471394,5e+07,1
George Bamber,152810,NaN,1
George Bessudo,NaN,2500000,2
George Butler,10399670,NaN,1
George C. Wolfe,41840908,NaN,2
George Casey,NaN,NaN,1
George Clooney,45423646.75,34333333.3333333,6
George Gallo,723714,20800000,5
George Hickenlooper,1654367,7e+06,1
George Lucas,345469069,1.14e+08,2
"George Miller,Warren Coleman",197992827,1e+08,1
George Nolfi,62453315,50200000,1
George Ratliff,252968.5,9e+06,2
George Tillman Jr.,27342571.5,25333333.3333333,4
George VanBuskirk,NaN,3e+06,1
Georgia Lee,NaN,NaN,2
Gia Coppola,750100,NaN,1
Giancarlo Tallarico,NaN,NaN,1
Gil Cates Jr.,NaN,NaN,1
Gil Junger,33422806,5e+07,3
Gil Kenan,42982797.6666667,5.5e+07,3
Gil Kofman,NaN,NaN,2
Gilles Paquet-Brenner,NaN,13333333.3333333,3
Gillian Greene,NaN,NaN,1
Gillian Robespierre,3122616,NaN,1
Gina Kim,13720,3500000,1
Gina Prince-Bythewood,26606770.6666667,1.1e+07,3
Gini Reticker,78986,NaN,1
Gino Nichele,NaN,NaN,1
Giorgio Serafini,NaN,1.3e+07,1
Glasgow Phillips,NaN,NaN,1
Glen Morgan,11543718.5,15500000,2
"Glenn Ficarra,John Requa",43140221.5,31500000,2
Glenn Gaylord,NaN,NaN,1
Glenn McQuaid,7066,750000,2
"Gloria La Morte,Paola Mendoza",NaN,NaN,1
Godfrey Reggio,101196.5,3e+06,2
Gonzalo López-Gallego,17683670,5e+06,1
Goran Dukic,104077,1e+06,2
Gordon Chan,22108977,4.1e+07,2
Gore Verbinski,196398316.111111,157666666.666667,9
Gorman Bechard,NaN,NaN,1
Grace Lee,NaN,1e+06,1
"Graham Annable,Anthony Stacchi",50807639,6e+07,1
Graham Travis,NaN,NaN,1
Grant Heslov,32416109,2.5e+07,1
Greg Berlanti,27551911,19500000,4
Greg Coolidge,28435406,1.2e+07,2
Greg Francis,NaN,NaN,1
Greg Franklin,NaN,NaN,1
Greg Harrison,191309,150000,1
Greg Ivan Smith,NaN,8000,1
"Greg Jacobs,Jon Siskel",40362,NaN,1
Greg Jardin,NaN,NaN,1
Greg MacGillivray,14438754,8600000,5
"Greg MacGillivray,Glen Pitre",NaN,NaN,1
Greg Marcks,500154,6e+06,2
Greg Mottola,26698389.5,4e+07,2
Greg Pritikin,71305,NaN,2
Greg Richardson,NaN,NaN,2
Greg Whiteley,NaN,NaN,1
Gregg Araki,172942.6,NaN,5
Gregg Bishop,NaN,NaN,1
"Gregg Godfrey,Jeremy Rawle",3376905,NaN,1
Gregg Helvey,NaN,NaN,1
"Gregg Kavet,Andy Robin",12706,NaN,1
Gregor Jordan,NaN,15750000,4
Gregory Hoblit,37558746.3333333,3.3e+07,3
Gregory Jacobs,9798767.33333333,6e+06,3
Grégory Levasseur,2753312,6500000,1
Gregory McClatchy,NaN,3500000,1
Gregory Nava,NaN,2.1e+07,1
Gregory Orr,NaN,NaN,1
Gregory Poirier,13558739,1.1e+07,1
Gren Wells,NaN,NaN,1
"Greta Gerwig,Joe Swanberg",2902,NaN,1
Griff Furst,NaN,NaN,1
Griffin Dunne,85410,NaN,4
Guillermo Arriaga,200399,2e+07,1
Guillermo del Toro,79555102,98750000,4
Gus Van Sant,12573161.5,16812500,10
Guy Ferland,14140215,2.5e+07,1
Guy Jenkin,NaN,1.2e+07,1
Guy Moshe,95396,17666666.6666667,3
Guy Ritchie,194226942.333333,113333333.333333,3
Hal Hartley,126242,NaN,3
Hal Masonberg,NaN,NaN,1
"Halder Gomes,Gerson Sanginitto",NaN,NaN,1
Hans Canosa,379122,450000,1
Hans Petter Moland,442612,6e+06,1
Hany Abu-Assad,NaN,15500000,1
Harald Zwart,56224394,57500000,5
Harmony Korine,14123773,5e+06,1
Harold Becker,45207112,5.3e+07,1
Harold Cronk,60753735,2e+06,1
Harold Ramis,30539645.75,4.6e+07,4
Harris Goldberg,NaN,3300000,1
"Harry Elfont,Deborah Kaplan",14252830,2.2e+07,1
Hart Bochner,NaN,625000,2
Harvey Glazer,4500147,NaN,1
Harvey Kahn,NaN,NaN,1
Hayley Cloake,NaN,2200000,1
Heather E. Connell,NaN,150000,2
Hector Echavarria,NaN,NaN,1
"Heidi Ewing,Alex Gibney",100675,3e+06,2
"Heidi Ewing,Rachel Grady",628851.5,NaN,2
Heitor Dhalia,11653123,NaN,1
Helen Hunt,3735303,3500000,2
"Henriette Mantel,Steve Skrovan",175237,NaN,1
Henrik Ruben Genz,NaN,NaN,1
Henry Alex Rubin,1435950,1e+07,1
"Henry Alex Rubin,Dana Adam Shapiro",1523883,1750211,1
Henry Bean,406035,1500000,2
Henry Bromell,NaN,1e+06,1
Henry Hobson,131175,8500000,1
"Henry Joost,Ariel Schulman",28559597,5e+06,2
Henry Miller,5912,NaN,1
Henry Saine,NaN,NaN,1
Henry Selick,40344787.5,67500000,3
Herschell Gordon Lewis,NaN,NaN,1
Hideo Nakata,75888270,NaN,1
Hilary Brougher,25073,NaN,1
"Hironobu Sakaguchi,Motonori Sakakibara",32131830,1.37e+08,1
Ho Yim,35938,5e+06,1
Hossein Amini,506067,NaN,1
Howard Deutch,26737630.6666667,43333333.3333333,3
Howard E. Baker,NaN,NaN,1
"Howard E. Baker,Arish Fyzee",NaN,NaN,1
"Howard E. Baker,John Fox",NaN,1e+07,1
Howard Hall,40632155,NaN,2
Howard McCain,160641,5e+07,2
Howard Michael Gould,NaN,NaN,1
Howie Askins,NaN,12464,2
"Howy Parkins,Brenda Piluso",NaN,NaN,1
Hoyt Yeatman,119420252,1.5e+08,1
Huck Botko,NaN,NaN,1
"Huck Botko,Andrew Gurland",535249,3400000,1
Hue Rhodes,100669,3800000,2
Hugh Hudson,6543194,3.4e+07,1
Hunter Richards,12667,NaN,1
Hyung-rae Shim,163591,13400000,1
Iain Softley,33135787.25,52750000,4
Ian Cheney,9600,NaN,1
Ian Iqbal Rashid,7070459,NaN,1
Ian Kammer,NaN,NaN,1
"Ian Soroka,Nico Soultanakis",NaN,NaN,1
Ian Wolfley,NaN,NaN,1
"Ice-T,Andy Baybutt",288312,NaN,2
Igor Kovalyov,NaN,NaN,1
"Ilisa Barbash,Lucien Castaing-Taylor",206728,NaN,1
Ira Sachs,1377928.5,8500000,5
Irena Salina,NaN,5e+05,1
Irwin Winkler,15561627,1.8e+07,1
Isaac Feder,NaN,NaN,1
Isaac Florentine,NaN,7500000,4
Isaac Webb,NaN,NaN,1
Isabel Coixet,3577210,1.3e+07,1
Ishai Setton,NaN,NaN,1
Israel Horovitz,4011530,5e+06,1
István Szabó,7739049,1.8e+07,1
Ivan Reitman,40073602.25,4e+07,4
"J. Michael Straczynski,Sara Barnes",NaN,NaN,1
J.B. Rogers,75306764,27500000,2
J.C. Chandor,5907264.25,10375000,4
J.C. Khoury,NaN,NaN,1
J.J. Abrams,186704452.25,1.35e+08,4
J.M. Kenny,NaN,NaN,1
J.S. Cardone,NaN,NaN,1
J.T. Petty,NaN,NaN,1
J.T. Tepnapa,NaN,5e+05,3
Jac Schaeffer,NaN,NaN,2
Jack Heller,NaN,NaN,1
Jack Messitt,NaN,1e+06,1
Jack Perez,NaN,1550000,3
Jack Plotnick,NaN,NaN,1
Jackie Earle Haley,NaN,7e+06,1
Jacob Aaron Estes,603943,5e+05,1
Jacob Kornbluth,1205079,NaN,1
Jake Goldberger,NaN,NaN,2
Jake Kasdan,31004949.4285714,29600000,7
Jake Paltrow,NaN,NaN,1
Jake Schreier,3325638,2500000,1
Jake Scott,152857,NaN,2
"James Algar,Gaëtan Brizzi",60507228,8e+07,1
James Barrat,NaN,1500000,1
James Bobin,69902407.5,47500000,2
James Bolton,19515.6666666667,420000,3
James C. Strouse,50080,2e+06,3
James Cameron,388773279,1.25e+08,2
"James Cameron,Steven Quale",8968045,NaN,1
James Cox,1056102,8e+06,3
James D.R. Hickox,NaN,NaN,1
James David Walley,NaN,6000,2
James DeMonaco,67971440,6e+06,3
James Dodson,115504,1.4e+07,3
James E. Duff,10544,NaN,1
James Foley,17959004.5,37897500,2
James Franco,NaN,NaN,2
"James Franco,Gus Van Sant",NaN,NaN,2
James Gartner,42643187,NaN,1
James Gray,6618723.16666667,16833333.3333333,6
James Gunn,85387435,47625000,4
James Isaac,6814848,8500000,3
James Ivory,6605120.66666667,1.6e+07,3
James Keach,155005.666666667,NaN,3
James L. Brooks,36128470.5,1e+08,2
James Longley,55057,NaN,1
James Manera,830210,5e+06,1
James Mangold,72786379.8571429,60285714.2857143,7
James Marsh,281326,NaN,2
James McTeigue,48776164.75,43500000,4
James Mottern,52166,2e+06,2
James Ponsoldt,4693306.33333333,1833333.33333333,3
James Quattrochi,NaN,2500000,1
James Rasin,NaN,NaN,1
James Ryan,NaN,6e+06,1
James Seale,NaN,NaN,1
James T. Walker,NaN,NaN,1
James Toback,523277.5,NaN,2
James Vasquez,NaN,70000,2
James Wan,59169183,11333333.3333333,6
James Ward Byrkit,68877,NaN,1
James Wong,35520544.3333333,3.9e+07,3
James Yukich,NaN,NaN,1
Jamie Babbit,290009.25,925000,5
Jamie Blanks,20384136,1e+07,1
"Jamie Bradshaw,Aleksandr Dulerayn",353468,NaN,1
Jamie Linden,201146,NaN,2
"Jamie Mitchell,Rick Calabash",NaN,NaN,1
Jamie Travis,1243961,850000,1
Jamin Winans,NaN,NaN,1
Jamsheed Akrami,NaN,NaN,1
Jan de Bont,65653758,9.5e+07,1
Jane Campion,1758780,NaN,1
Janet Tobias,199659,NaN,1
Janusz Kaminski,16779636,2.8e+07,1
Jared Cohn,NaN,NaN,1
Jared Hess,31241314.75,16200000,4
Jason Bateman,7764027,1e+07,1
Jason Bushman,NaN,NaN,1
"Jason Cohn,Bill Jersey",147591,NaN,1
Jason Connery,NaN,1e+06,1
Jason Ensler,NaN,NaN,1
Jason Freeland,19853,NaN,1
"Jason Friedberg,Aaron Seltzer",30190135.6666667,17375000,5
Jason Matzner,4350,NaN,1
Jason Momoa,NaN,NaN,1
Jason Moore,64998368,1.7e+07,1
Jason Reitman,63139880.75,13750000,5
Jason Sadler,NaN,NaN,1
Jason Stone,NaN,NaN,2
Jason Todd Ipson,350801,1450000,4
Jason Winer,33015696,4e+07,1
Jason Wise,170561,NaN,1
Jaume Balagueró,22160085,10600000,1
Jaume Collet-Serra,64702681,4e+07,3
Jay Anania,NaN,1e+07,2
Jay Arnold,NaN,2e+05,2
Jay Chandrasekhar,23570699.6666667,15690000,6
Jay DiPietro,11276,5e+05,1
"Jay Duplass,Mark Duplass",4020943.25,9e+06,4
Jay Gammill,NaN,NaN,2
Jay Lee,NaN,25000,2
Jay Lowi,NaN,NaN,1
Jay Oliva,NaN,3500000,4
"Jay Oliva,Ethan Spaulding",NaN,NaN,1
"Jay Oliva,Gary Hartle",NaN,NaN,2
Jay Roach,163031007,79333333.3333333,4
Jay Russell,74540762,5.5e+07,1
Jay Weidner,NaN,NaN,1
Jean de Segonzac,NaN,1e+07,2
Jean-François Richet,19976073,2e+07,1
Jean-Jacques Annaud,51396781,6.8e+07,1
Jean-Marc Vallée,30823662.3333333,8333333.33333333,3
Jee-woon Kim,12026670,4.5e+07,1
Jeff Baena,80315,2400000,1
Jeff Balis,NaN,NaN,2
Jeff Balsmeyer,NaN,NaN,1
Jeff Betancourt,NaN,4500000,2
Jeff Broadstreet,NaN,750000,2
Jeff Buhler,NaN,3e+06,1
"Jeff Crook,Josh Crook",NaN,NaN,2
Jeff Feuerzeig,332261,NaN,1
Jeff Kanew,NaN,NaN,2
Jeff King,NaN,7e+06,2
Jeff Lowell,7563670,1e+07,1
Jeff Malmberg,112036,NaN,1
Jeff Nichols,6273726.5,6666666.66666667,4
Jeff Orlowski,780100,NaN,2
Jeff Preiss,44500,NaN,1
Jeff Probst,NaN,NaN,3
Jeff Renfroe,54902,3400000,1
"Jeff Shuter,Daniel Viney",NaN,NaN,1
Jeff Stanzler,6364,2e+05,1
Jeff Stephenson,NaN,1500000,1
Jeff Stilson,4157104,NaN,1
Jeff Tremaine,89056631.25,13333333.3333333,6
Jeff Wadlow,21214091,16333333.3333333,3
Jeff Warden,NaN,10000,1
"Jefferson Moore,Shane Sooter",NaN,250000,1
Jeffrey Blitz,3220411,6e+06,2
Jeffrey Fine,NaN,NaN,1
Jeffrey Kramer,NaN,NaN,1
Jeffrey Kusama-Hinte,206813,NaN,1
"Jeffrey Maccubbin,Jeffrey Thomas McHale",NaN,1e+05,1
Jeffrey Nachmanoff,23527748,2.2e+07,1
Jeffrey Schwarz,NaN,NaN,2
Jeffrey Seckendorf,NaN,NaN,1
Jeffrey W. Byrd,4006906,1.5e+07,1
Jehane Noujaim,2586511,1500000,2
Jem Cohen,83725,NaN,1
"Jen Soska,Sylvia Soska",NaN,NaN,1
Jennifer Chambers Lynch,25352,3500000,1
"Jennifer Flackett,Mark Levin",48006503,3.7e+07,1
Jennifer M. Kroot,51481,NaN,1
"Jennifer Siebel Newsom,Kimberlee Acquaro",NaN,750000,1
Jennifer Westfeldt,7250054,NaN,2
Jennifer Yuh Nelson,165230261,1.5e+08,1
Jenniphr Goodman,4340373,NaN,1
Jenny Deller,NaN,NaN,1
Jeremiah Zagar,54640,NaN,1
"Jeremy Earp,Sut Jhally",NaN,1e+05,1
Jeremy Grant,NaN,NaN,1
Jeremy Saulnier,258113,1066167,2
Jeremy Snead,23043,NaN,1
Jeremy Whelehan,37200,NaN,1
Jerry Turner,NaN,2e+05,1
Jerry Zucker,56607223,4.8e+07,1
Jerusha Hess,2151202,NaN,1
Jesse Baget,NaN,850000,1
Jesse Dylan,104354205,5.5e+07,1
"Jesse Holland,Andy Mitton",NaN,5e+05,1
Jesse Moss,108814,NaN,1
Jesse Peretz,3091922,NaN,1
Jesse Rosen,10382,NaN,1
Jesse V. Johnson,1277,NaN,2
Jesse Vaughan,13571817,15600000,1
Jesse Zwick,NaN,NaN,1
Jessica Bendinger,26870825,NaN,1
Jessica Yu,245767.5,NaN,2
Jessie Nelson,33277685,19500000,2
Jessy Terrero,NaN,1.1e+07,1
Jez Butterworth,4919896,1.3e+07,1
Jieho Lee,19487,1e+07,2
Jill Sprecher,1622313,4500000,3
"Jim Bigham,Mark Moormann",NaN,NaN,1
Jim Fall,42672630,1.7e+07,1
Jim Field Smith,15827826.5,2e+07,2
"Jim Fields,Michael Gramaglia",391950,NaN,1
Jim Gillespie,881745,5.5e+07,2
Jim Hanon,11703287,1e+07,2
Jim Janicek,NaN,NaN,1
Jim Jarmusch,4835216.75,8500000,4
Jim Kammerud,NaN,2.4e+07,1
Jim Kohlberg,258077,4e+06,1
Jim Mickle,150520.333333333,453333.333333333,4
Jim Sheridan,29741750.5,3.3e+07,2
Jim Wilson,1063723,1e+07,1
Jim Wynorski,NaN,NaN,1
Jimi Jones,NaN,NaN,1
Jimmy Hayward,40678287.3333333,52333333.3333333,3
"Jimmy Hayward,Steve Martino",154529187,8.5e+07,1
"Joachim Rønning,Espen Sandberg",NaN,NaN,1
Joby Harold,14373825,8600000,1
Jodie Foster,958319,2.1e+07,1
Jodie Markell,119382,6500000,2
Jody Hill,8153626.33333333,1.8e+07,3
Joe Anderson,NaN,NaN,1
Joe Berlinger,13295804.5,1.5e+07,2
"Joe Berlinger,Bruce Sinofsky",1222708,NaN,3
Joe Camp,3785401,NaN,1
Joe Carnahan,43668481,29500000,7
Joe Chappelle,NaN,3800000,1
Joe Charbanic,28927720,3.3e+07,1
"Joe Cross,Kurt Engfehr",NaN,NaN,1
Joe Dante,20950820,34666666.6666667,4
Joe Johnston,109792930.4,126600000,5
"Joe Kennedy,Feodor Pitcairn",NaN,NaN,1
Joe Leonard,NaN,5e+05,1
Joe Maggio,NaN,250000,1
Joe Nussbaum,10904161.5,12250000,3
Joe Otting,NaN,2500000,2
Joe Phillips,NaN,250000,1
Joe Roth,59940820.3333333,48555000,3
Joe Sichta,NaN,NaN,1
Joe Swanberg,26296.5,70000,3
Joe Wright,35959221.5,4.5e+07,2
Joel Bender,NaN,5e+06,1
"Joel Bergvall,Simon Sandquist",NaN,NaN,1
"Joel Coen,Ethan Coen",21295519.5,4e+07,2
Joel Hopkins,14879423,NaN,2
Joel Schumacher,17041303.625,27714285.7142857,8
Joel Silverman,NaN,5e+06,1
Joel Soisson,NaN,NaN,1
Joel Zwick,144775991.5,14166666.6666667,3
Joey Lauren Adams,117560,6e+06,1
Joey Stewart,NaN,1e+06,1
Joey Sylvester,NaN,2e+06,1
Joey Travolta,NaN,NaN,1
Johan Renck,22153,3e+06,1
Johanna Hamilton,NaN,NaN,1
John A. Davis,54527053.5,4e+07,2
John Asher,35657,NaN,1
John August,62745,NaN,1
"John Blush,Greg McLean",7711,NaN,1
John Bonito,18843314,2e+07,2
John Boorman,13491653,1.8e+07,1
"John Bruno,Ray Quint",149879,NaN,1
John Cameron Mitchell,2490899.66666667,5333333.33333333,3
John Carney,16168741,8e+06,1
John Carpenter,8434601,1.9e+07,2
John Cosgrove,NaN,5e+06,1
John Curran,3960419.66666667,14800000,3
John Dahl,11522178.3333333,35666666.6666667,3
John Doyle,1553,1e+07,2
"John Eng,Norton Virgien",39399750,2.5e+07,1
John Erick Dowdle,28824100.3333333,9e+06,4
John Eyres,NaN,5e+06,1
John G. Young,NaN,NaN,1
John Gatins,32701088,3.2e+07,1
John Glenn,NaN,NaN,1
John Gray,NaN,NaN,1
John Gulager,370904,4100000,2
John Hamburg,79601787.5,4.1e+07,2
John Herzfeld,24375436,22750000,4
John Hillcoat,18726991.5,25500000,2
John Hindman,25589,NaN,1
John Huddles,NaN,NaN,2
John Hyams,5247,11500000,1
John Kafka,NaN,5e+06,1
John Kaye,NaN,2e+07,1
John Krasinski,27935,NaN,2
John Krokidas,1029949,NaN,2
"John Lasseter,Brad Lewis",191450875,2e+08,1
John Lee Hancock,104110660.2,45200000,5
John Luessenhop,46039488,2e+07,2
John Madden,18075283.5714286,27400000,7
John Magary,NaN,NaN,1
John Malkovich,2374732,NaN,1
"John Maloof,Charlie Siskel",1509131,NaN,2
John Maybury,6301131,2.9e+07,1
John McCrite,NaN,NaN,1
John McTiernan,22763331,6e+07,2
"John Mitchell,Jeremy Kipp Walker",15943,NaN,1
John Moore,48543168.2,47400000,5
John Ottman,21468807,1.4e+07,1
John Pasquin,35621538.5,41500000,2
John Patrick Shanley,33422556,2e+07,2
John Pogue,8496112,2100000,2
John Polson,39830795,19250000,4
John Putch,3333823,9e+06,3
John R. Leonetti,84263837,6500000,2
John Sayles,1241262,3650000,3
John Schlesinger,14983572,2.5e+07,1
John Schultz,26116971.25,30500000,4
John Shepphird,NaN,1200000,1
John Shiban,NaN,NaN,1
John Simpson,NaN,6e+06,1
John Singleton,64591677.75,4.3e+07,4
John Slattery,104401,1e+06,1
John Stainton,28399192,1.3e+07,1
John Stalberg Jr.,82740,1e+06,2
John Stead,NaN,NaN,1
John Stewart Muller,NaN,NaN,2
John Stockwell,16019727.75,20800000,9
John Suits,NaN,NaN,1
John Swanbeck,3150107,NaN,1
John Turturro,3763973,NaN,1
John Walsh,NaN,NaN,1
John Waters,1308326,12500000,2
John Wells,21088731.5,2e+07,4
John Whitesell,47722815.3333333,3.6e+07,4
John Woo,103366150,1e+08,3
Johnny Remo,96734,1e+06,1
Johnny Symons,NaN,NaN,1
Jon Amiel,31111260,6e+07,1
Jon Avnet,28503661,4.5e+07,4
Jon Favreau,160539200.333333,1.02e+08,6
Jon Gunn,352810,2500000,2
"Jon Gunn,Brian Herzlinger",85222,1100,1
"Jon Hurwitz,Hayden Schlossberg",38087366,1.2e+07,2
Jon Kasdan,5530253,6e+06,2
Jon Keeyes,NaN,1e+06,1
Jon Long,NaN,NaN,2
Jon M. Chu,73976165.25,4.9e+07,4
Jon S. Baird,34321,5e+06,1
Jon Shenk,75233,NaN,1
Jon Sherman,NaN,1.5e+07,1
Jon Springer,NaN,2e+05,1
Jon Stewart,3093491,5e+06,1
Jon Turteltaub,117941856.4,93600000,5
Jon Watts,NaN,NaN,1
Jonah Loop,NaN,1e+07,1
Jonas Åkerlund,410241,1.1e+07,2
"Jonas Barnes,Michael Manasseri",NaN,NaN,1
Jonas Elmer,16699684,8e+06,1
Jonas McCord,33565,3e+07,1
Jonas Mekas,NaN,50000,1
Jonas Pate,189332,5100000,1
Jonathan Caouette,592014,218,2
"Jonathan Dayton,Valerie Faris",31212883.5,8e+06,2
Jonathan Demme,23531332.4285714,8e+07,7
Jonathan Frakes,36985501,2.6e+07,1
Jonathan Glatzer,NaN,NaN,1
Jonathan Glazer,3805461,2e+07,2
Jonathan Hensleigh,17434992,22500000,2
Jonathan Karsh,NaN,NaN,1
Jonathan Levine,34591234.75,11550000,5
Jonathan Liebesman,97548894.5,8.9e+07,5
Jonathan Lisecki,NaN,NaN,2
Jonathan Lynn,30238577,1.5e+07,1
Jonathan Meyers,NaN,NaN,1
"Jonathan Milott,Cary Murnion",55749,NaN,1
Jonathan Mostow,88659546.6666667,1.14e+08,3
Jonathan Parker,230600,NaN,1
Jonathan Segal,NaN,NaN,1
Jonathan Whittaker,NaN,NaN,1
Joon-ho Bong,4563029,39200000,1
Jordan Brady,261603,NaN,1
Jordan Hawley,NaN,NaN,1
Jordan Melamed,69716,NaN,1
Jordan Roberts,193571,NaN,3
Jordan Rubin,8163,NaN,1
Jordan Vogt-Roberts,1290312,NaN,1
Jorg Ihle,NaN,4e+06,2
Jorge Ameer,NaN,NaN,1
"Jorge Blanco,Javier Abad",42194060,7e+07,1
Jorge Dorado,NaN,NaN,1
Jorge R. Gutiérrez,50150619,5e+07,1
Jorma Taccone,8460995,1e+07,1
Jose Escamilla,NaN,280000,1
José Padilha,58607007,1e+08,1
Josef Rusnak,NaN,1.4e+07,2
Joseph Ariola,NaN,1200000,2
"Joseph Barbera,Spike Brandt",NaN,NaN,1
Joseph Conti,NaN,50000,1
Joseph Garner,NaN,NaN,2
Joseph Gordon-Levitt,24475193,2001333.33333333,4
Joseph Guzman,NaN,85000,1
Joseph Hahn,NaN,NaN,1
Joseph Infantolino,NaN,NaN,1
Joseph J. Lawson,NaN,NaN,1
Joseph Kahn,21176322,2e+07,3
Joseph Kell,NaN,5e+06,1
Joseph Kosinski,144375103,153333333.333333,3
Joseph Levy,109757,NaN,1
Joseph Ruben,66641205,4.2e+07,1
Josephine Decker,NaN,NaN,1
Josh Boone,62473893.5,1.2e+07,2
Josh C. Waller,3453,NaN,1
Josh Forbes,NaN,NaN,1
"Josh Gordon,Will Speck",72955999,4e+07,2
Josh Oreck,NaN,NaN,1
Josh Radnor,249447.333333333,NaN,3
Josh Schwartz,9402410,1.4e+07,1
Josh Shelov,NaN,NaN,1
Josh Sternfeld,319228,NaN,1
Josh Stolberg,NaN,NaN,1
Josh Trank,60343358.5,6.6e+07,2
Joshua Bevier,NaN,NaN,1
Joshua Leonard,NaN,NaN,2
Joshua Marston,119683,NaN,1
Joshua Michael Stern,16200901.5,16500000,3
Joshua Safdie,7720,NaN,1
Joshua Sanchez,NaN,2e+05,1
Joshua Seftel,578527,1e+07,2
Joshua Tickell,173783,2500000,1
Joss Whedon,169569795,1e+08,4
Juan Carlos Fresnadillo,64727,1.3e+07,1
Judd Apatow,94328819.5,41500000,4
"Judith Ehrlich,Rick Goldsmith",453483,NaN,2
Judith Krant,NaN,NaN,1
Julia Loktev,96271.6666666667,NaN,3
Julia Stiles,NaN,NaN,1
Julian Breece,NaN,NaN,1
Julian Farino,364875,NaN,1
Julian Jarrold,1819454,NaN,1
Julian M. Kheel,NaN,NaN,1
Julian Schnabel,2125754.5,NaN,2
Julie Anne Robinson,62933793,2e+07,1
Julie Davis,535096.25,1e+06,4
Julie Taymor,13076112.5,25666666.6666667,4
Julien Hernandez,22770,NaN,2
Julio DePietro,100503,8e+06,2
Jun Falkenstein,45542421,3e+07,1
"Justin Benson,Aaron Moorhead",48949,NaN,2
"Justin Benson,Gregg Bishop",2567,NaN,1
Justin Eugene Evans,NaN,2e+05,1
Justin Lerner,NaN,NaN,1
Justin Lin,98138154.2857143,68821428.5714286,7
Justin Rhodes,NaN,1e+06,1
Justin Theroux,91169,NaN,1
Kaare Andrews,NaN,NaN,2
Karen Hyden,NaN,NaN,1
Karen Leigh Hopkins,NaN,3e+06,1
Karen Moncrieff,17311,7e+06,2
Karey Kirkpatrick,16088610,5.5e+07,1
Karl Kozak,NaN,7e+05,2
Karyn Kusama,11277665.5,2e+07,4
Kasi Lemmons,2579952,NaN,2
Kat Candler,40753,NaN,1
Kat Coiro,20186,930000,3
Kate Barker-Froyland,20200,6e+06,1
"Kate Davis,David Heilbroner",127940,NaN,1
Katherine Dieckmann,79418.5,5e+06,2
"Katherine Fairfax Wright,Malika Zouhali-Worrall",8941,NaN,1
Katherine Linton,NaN,NaN,2
Kathleen Slattery-Moschkau,NaN,NaN,1
Kathryn Bigelow,36673003.75,42750000,4
Kathy Huang,NaN,NaN,1
Kathy Lindboe,NaN,NaN,1
Katie Aselton,8300,NaN,2
Keanu Reeves,61054,2.5e+07,1
Keegan Wilcox,NaN,NaN,1
Keenen Ivory Wayans,88919697,41250000,4
"Keith Fulton,Louis Pepe",34514,NaN,1
Keith Gordon,331937,8250000,2
Keith Hartman,NaN,NaN,1
Keith Melton,NaN,4e+06,1
Keith Samples,NaN,2500000,2
Kelley Cauthen,NaN,1e+06,1
"Kelly Asbury,Lorna Cook",73215310,8e+07,1
Kelly Reichardt,766261.25,2e+05,4
"Kemp Curly,Kevin Harrison",739690,NaN,1
Ken Barbet,NaN,1e+06,1
"Ken Burns,Sarah Burns",273747,NaN,1
Ken Kwapis,49216905.75,3.5e+07,4
Ken Scott,10214013,3.5e+07,1
Kenichi Shimizu,NaN,NaN,1
Kenn Navarro,NaN,NaN,1
Kenneth Bowser,259362,NaN,1
Kenneth Branagh,77302361,1.05e+08,3
Kenneth Cran,NaN,NaN,1
Kenneth Lonergan,4613385,7600000,4
Kenneth Thomas,NaN,NaN,1
Kenny Ortega,81200412.5,35500000,2
Kent Alterman,33472850,5.5e+07,1
Kent Dalian,NaN,2e+05,1
Keoni Waxman,NaN,6500000,3
"Kern Konwiser,David Ren",NaN,NaN,1
Kerry Conran,37760080,7e+07,1
Kevin Asch,302886,1e+06,1
Kevin Bacon,29690,NaN,1
Kevin Bray,45860039,5.6e+07,1
"Kevin Burns,Steven Smith",NaN,NaN,1
Kevin Carraway,NaN,6e+06,1
Kevin Costner,58328680,2.2e+07,1
"Kevin Finn,James Rolfe",NaN,325927,1
Kevin Fitzgerald,11255,NaN,2
Kevin Fritz,NaN,2000,1
Kevin Heffernan,41588,NaN,1
"Kevin Hooks,Brad Turner",NaN,NaN,1
Kevin Johnson,NaN,NaN,1
Kevin Lima,127706877,8.5e+07,1
Kevin Macdonald,19285301,2.5e+07,3
Kevin Munroe,18833101.3333333,24666666.6666667,3
Kevin Reynolds,14732623,NaN,1
Kevin Rodney Sullivan,67962333,3.5e+07,1
Kevin Smith,25079810,18250000,8
Kevin Spacey,6144806,2.3e+07,1
Kevin Tancharoen,22452209,1.8e+07,1
"Kevin Tancharoen,Jennifer Arnold",11860839,9e+06,1
Kevin Tenney,NaN,NaN,2
Kevin Willmott,671122,NaN,1
Khalil Sullins,NaN,NaN,1
Kief Davidson,NaN,NaN,1
"Kief Davidson,Daniel Junge",100240,1e+06,2
"Kieran Mulroney,Michele Mulroney",15388,NaN,2
Kieth Merrill,NaN,2e+06,1
Kim Bass,NaN,NaN,1
Kim Rocco Shields,NaN,NaN,2
Kimberly Peirce,23244733.25,21750000,4
Kirby Dick,173297.5,NaN,3
Kirk De Micco,30105968,3.7e+07,1
"Kirk De Micco,Chris Sanders",187165546,1.35e+08,1
Kirk Jones,24978908.5,30500000,2
"Kirk Kelley,Kameron Gates",NaN,NaN,1
Kirsten Sheridan,31655091,3e+07,1
Kit Ryan,NaN,NaN,2
Klay Hall,90282580,5e+07,2
Kohl Glass,NaN,350000,1
Kris Isacsson,20035310,9e+06,1
Kristin Hanggi,NaN,NaN,1
Kristopher Belman,944527,NaN,1
Kriv Stenders,23840,NaN,1
Kurt Mattila,NaN,NaN,1
Kurt Wimmer,9845492,2.5e+07,2
Kyle Newman,685484,2900000,3
Kyle Patrick Alvarez,NaN,1e+06,2
Kyle Ruddick,NaN,NaN,1
Lajos Koltai,12406646,NaN,1
Lake Bell,2962542,NaN,1
"Lana Wachowski,Lilly Wachowski",154893859.666667,1.4e+08,3
Lance Bangs,NaN,NaN,2
Lance Catania,NaN,450000,1
Lance Daly,4106,6e+06,1
Lance Hammer,76211,7e+05,1
Lance Mungia,NaN,NaN,1
Lance Rivera,8674887.5,2e+07,2
Lane Nishikawa,142060,3300000,1
Lane Shefter Bishop,NaN,NaN,1
Lara Shapiro,NaN,1e+07,1
Larry Bishop,194287,NaN,2
Larry Charles,47344991.6666667,10250000,3
Larry Clark,221415,2e+06,2
Larry Fessenden,32921,3e+06,2
Larry LaFond,NaN,NaN,1
Larry Silverman,NaN,NaN,1
"Lars Larson,Michael Rivoira",NaN,1200000,1
Lasse Hallström,34653509.4285714,24714285.7142857,8
"Laura Gabbert,Justin Schein",96396,NaN,1
Laura Poitras,2798808,NaN,1
Lauren Greenfield,2401652,1e+06,1
Lauren Himmel,NaN,NaN,2
Lauren Lazin,7707563,NaN,1
Lauren Montgomery,NaN,3500000,4
"Lauren Montgomery,Bruce Timm",NaN,3500000,1
Lauren Palmigiano,NaN,NaN,2
Laurent Bouzereau,NaN,NaN,3
Laurie Collyer,198407,2e+06,1
Lawrence Blume,25163,NaN,1
Lawrence Ferber,NaN,NaN,1
Lawrence Guterman,55192898.5,7.2e+07,2
Lawrence Kasdan,17239310,6.8e+07,2
Lawrence Roeck,NaN,NaN,1
Lawrence Silverstein,NaN,5e+06,2
Lawrence Trilling,NaN,NaN,1
Léa Pool,NaN,2917341.97730956,2
Leah Meyerhoff,NaN,NaN,2
Lee Daniels,47038912.1666667,20625000,6
Lee Friedlander,NaN,NaN,1
Lee Fulkerson,NaN,NaN,1
Lee Hirsch,2825577.66666667,1100000,3
Lee Kirk,5360,NaN,1
Lee Tamahori,68092493.6666667,99666666.6666667,3
Lee Toland Krieger,3094687,NaN,2
Lee Unkrich,414984497,2e+08,1
Leigh Janiak,9168,1e+06,1
"Leila Conners,Nadia Conners",703464,NaN,1
Len Wiseman,76800399.25,76750000,4
Lena Dunham,389804,65000,1
"Leon Gast,Ryan Moore",NaN,NaN,1
Leon Ichaso,7556004,NaN,1
Les Mayfield,9449789.75,2.7e+07,4
Leslye Headland,418268,3e+06,1
Lev L. Spiro,NaN,NaN,1
"Levan Bakhia,Beka Jguburia",NaN,650000,1
Levan Gabriadze,31537320,1e+06,1
Lexi Alexander,7948159,3.5e+07,2
Liam Lynch,8319186,NaN,1
Lian Lunson,1036050,NaN,1
Liev Schreiber,1705595,7e+06,1
Liliana Cavani,NaN,3e+07,1
Lina Esco,NaN,937000,1
Lina Plioplyte,6500,NaN,1
Linas Phillips,NaN,NaN,1
Linda Bloodworth-Thomason,NaN,385000,1
Linda Mendoza,6126237,NaN,1
Lindsay Crystal,NaN,NaN,1
Lior Chefetz,NaN,250000,1
Lisa Azuelos,NaN,1.1e+07,2
Lisa Cholodenko,15089460,3500000,3
"Lisa Immordino Vreeland,Bent-Jorgen Perlmutt",1004821,NaN,1
Lisa Krueger,31844,3e+06,1
Lisandro Alonso,NaN,NaN,1
Liv Corfixen,NaN,NaN,1
Liz Friedlander,34703228,3e+07,1
Lluís Quílez,NaN,NaN,1
"Logan Miller,Noah Miller",NaN,2e+06,1
Lone Scherfig,13766014,1.5e+07,1
Loren Haynes,NaN,NaN,1
Lorene Scafaria,6619173,1e+07,1
"Lorenzo Eduardo,Shia LaBeouf",NaN,7000,1
"Lori Silverbush,Michael Skolnik",NaN,NaN,1
"Lorraine Bracco,Daisy Gili",NaN,NaN,1
Louie Psihoyos,869730,NaN,1
Louis Fox,NaN,NaN,3
Louis Leterrier,79958444,75500000,4
"Louis Leterrier,Corey Yuen",25296447,2.1e+07,1
Louis Morneau,NaN,5e+06,3
Louise Runge,NaN,10000,1
Luc Besson,36917730,3e+07,2
Lucas Martell,NaN,10000,1
"Lucien Castaing-Taylor,Verena Paravel",1092800,NaN,1
Lucky McKee,145540,6250000,3
Lucy Mulloy,65233,NaN,1
"Lucy Phillips,Glen Scantlebury",NaN,5e+05,1
Lucy Walker,271323,NaN,1
"Luis Lopez,Clay Tweel",NaN,NaN,1
Luis Mandoki,12053534,3.4e+07,2
Luiso Berdejo,NaN,1.5e+07,2
"Luke Cresswell,Steve McNicholas",NaN,NaN,1
Luke Greenfield,59059325,24666666.6666667,3
Luke Korem,NaN,NaN,1
Luke Matheny,NaN,NaN,1
Luke Ricci,899,2e+06,2
"Lyman Dayton,Sam Pillsbury",NaN,NaN,1
Lynn Hershman-Leeson,28811,NaN,1
Lynn Roth,401538,1700000,1
Lynn Shelton,998676.25,125000,4
M. Night Shyamalan,100743537,75833333.3333333,6
Mabrouk El Mechri,3749061,2e+07,1
Mach Tony Kobayashi,NaN,NaN,1
Macky Alston,NaN,NaN,1
Madeleine Sackler,51542,NaN,1
Maggie Greenwald,3050934,1800000,2
Maggie Kiley,NaN,NaN,1
Mai Iskander,NaN,2e+05,1
Malcolm D. Lee,28449328.5,3.5e+07,4
"Malcolm D. Lee,David Zucker",32014289,2e+07,1
Malcolm Venville,101882,1.2e+07,2
Malik Bader,NaN,NaN,1
"Manny Rodriguez,Jay Lavender",2820939,NaN,1
"Måns Mårlind,Björn Stein",62321039,4.6e+07,2
Manu Boyer,12737,NaN,1
Manuel Pradal,NaN,7e+06,1
Marc Abraham,4234040,2e+07,1
Marc Erlbaum,NaN,NaN,1
"Marc F. Adler,Jason Maurer",511920,4e+07,1
Marc Forster,59667932.4,58600000,10
"Marc Francis,Nick Francis",93477,NaN,1
"Marc H. Simon,Matthew Makar",23190,NaN,1
Marc Lawrence,59267664.2,5.9e+07,6
Marc Singer,426687,NaN,1
Marc Webb,165758656.666667,145833333.333333,3
Marcel Langenegger,4597760,2.5e+07,1
"Marcel Sarmiento,Gadi Harel",NaN,NaN,2
Marco Kreuzpaintner,214202,1.2e+07,1
Marco Schnabel,32178777,6.2e+07,1
Marcos Efron,NaN,NaN,1
Marcos Siega,1609095.25,13750000,4
Marcus Adams,NaN,NaN,2
Marcus Dunstan,7274226,8e+06,2
Marcus Graves,NaN,NaN,1
Marcus Nispel,29442769.25,44750000,4
Marcus Raboy,32983713,2e+07,1
Margaret Whitton,3819,NaN,1
Maria Beatty,NaN,NaN,1
Maria Maggenti,89417,NaN,2
Marianna Palka,15542,NaN,1
Marilyn Agrelo,8044906,NaN,2
"Marilyn Manson,Nicole McDonald",NaN,NaN,1
Mario Van Peebles,NaN,1.2e+07,1
Marisa Miller Wolfson,NaN,NaN,1
Marius A. Markevicius,133778,5e+05,1
Marjane Satrapi,NaN,NaN,1
Mark A.Z. Dippé,NaN,NaN,1
"Mark A.Z. Dippé,Eondeok Han",NaN,NaN,1
"Mark A.Z. Dippé,Taedong Park",NaN,NaN,1
"Mark Andrews,Brenda Chapman",237282182,1.85e+08,1
"Mark Becker,Jennifer Grausman",NaN,NaN,2
Mark Bessenger,NaN,NaN,1
Mark Blutman,NaN,3e+06,1
Mark C. Andrews,NaN,NaN,1
"Mark Christopher Covino,Jeff Howlett",125856,NaN,1
Mark Cowen,33557433,NaN,1
Mark Decena,22278,NaN,2
Mark Dindal,112339040,1.25e+08,2
Mark Fergus,NaN,8e+06,1
Mark Helfrich,35000629,2.5e+07,1
Mark Herman,9030581,12500000,2
Mark Jonathan Harris,374555,NaN,1
Mark Landsman,143568,NaN,1
Mark Levin,384924,NaN,1
Mark Levinson,869838,NaN,1
Mark Mann,NaN,1700000,1
Mark Monroe,275093,NaN,1
Mark Mori,102378,NaN,1
Mark Mylod,NaN,1.8e+07,1
Mark N. Hopkins,NaN,2e+06,1
Mark Neale,NaN,1e+06,1
"Mark Neveldine,Brian Taylor",28430670.25,34750000,4
Mark Obenhaus,259840,NaN,1
"Mark Osborne,John Stevenson",215395021,1.3e+08,1
Mark Palansky,10011274,1.5e+07,3
Mark Pellington,12356261.3333333,3.2e+07,3
Mark Piznarski,10494147,1.5e+07,1
Mark Raso,NaN,NaN,1
Mark Romanek,31597131,1.2e+07,1
Mark Rosman,33839467.5,22500000,2
Mark Rucker,NaN,NaN,1
Mark Ruffalo,13114,NaN,1
Mark Rydell,63911,NaN,1
Mark Steilen,NaN,8e+06,1
Mark Stetz,NaN,6000,1
Mark Steven Johnson,49634677.3333333,9.4e+07,3
Mark Stouffer,NaN,NaN,1
Mark Tonderai,31607598,6900000,1
Mark Waters,56794357.75,41428571.4285714,8
Mark Webber,18445,1500000,2
Mark Young,NaN,4200000,2
Marshall Lewy,15368,2e+05,1
Martha Coolidge,28165882,NaN,1
Martin Barnewitz,NaN,NaN,1
Martin Brest,5660084,5.4e+07,1
Martin Campbell,75334807,1.08e+08,5
Martin Curland,7013,450000,1
Martin Guigui,NaN,7300000,1
Martin Hynes,NaN,NaN,1
Martin Scorsese,83729188.2222222,107142857.142857,9
"Martin Scorsese,David Tedeschi",NaN,NaN,1
Marty Gross,NaN,NaN,1
Martyn Burke,NaN,1.7e+07,1
Mary Harron,4468203.25,7e+06,4
Mary Lambert,NaN,7e+05,1
Mary Mazzio,NaN,NaN,1
Marya Cohn,5249,NaN,1
Maryam Karimi,NaN,NaN,1
Maryam Keshavarz,439958,NaN,2
Masayuki Ochiai,25926543,8e+06,1
Massy Tadjedin,98986,NaN,1
Mathieu Kassovitz,59588068,4e+07,1
Matt Aselton,102079,NaN,1
"Matt Bettinelli-Olpin,David Bruckner",99770,NaN,1
"Matt Bettinelli-Olpin,Tyler Gillett",15818967,7e+06,1
Matt Cooper,NaN,NaN,1
Matt Gamboa,NaN,NaN,2
Matt Green,NaN,NaN,1
"Matt Maiellaro,Dave Willis",5518918,750000,1
Matt Mulhern,13510,NaN,1
Matt Reeves,100237505.666667,71666666.6666667,3
Matt Riddlehoover,NaN,150000,2
Matt Ross,16017,NaN,1
Matt Russell,NaN,7500000,1
Matt Shakman,NaN,5e+06,1
Matt Sobel,NaN,NaN,1
Matt Tauber,12644,NaN,1
Matt Thompson,NaN,NaN,1
Matt Tyrnauer,1755134,NaN,1
Matt Williams,33771174,1.5e+07,2
Matt Wolf,NaN,NaN,1
"Matthew Aeberhard,Leander Ward",NaN,NaN,1
Matthew Arnold,NaN,NaN,1
Matthew Barney,225041,NaN,1
Matthew Bonifacio,27301,NaN,1
Matthew Chapman,5176,1e+07,1
Matthew Cole Weiss,12762,1700000,1
Matthew Cooke,14014,NaN,1
Matthew Gray Gubler,NaN,NaN,1
Matthew James Clark,NaN,130000,1
Matthew Kohnen,NaN,1e+06,1
Matthew Leutwyler,NaN,NaN,1
Matthew Mishory,NaN,1e+06,1
Matthew O'Callaghan,58336565,5e+07,1
"Matthew O'Callaghan,Todd Wilderman",NaN,NaN,1
Matthew Porterfield,48132,NaN,1
Matthew Ryan Hoge,343816,NaN,1
Matthew Vaughn,77598093,86666666.6666667,3
Matthew Weiner,NaN,NaN,1
Matthijs van Heijningen Jr.,16907450,3.8e+07,1
"Maurizio Benazzo,Nick Day",381225,2e+05,1
Mauro Borrelli,NaN,NaN,1
Max Mayer,2277396,NaN,1
Max Nichols,15600,NaN,1
Max Winkler,21666,NaN,2
Maxim Korostyshevsky,38842,8e+06,1
McG,80048424.5,9.5e+07,6
Megan Griffiths,32853,NaN,2
Megumi Sasaki,194721,NaN,1
Meiert Avis,1046166,9e+06,1
Mel Damski,191875,NaN,1
Mel Gibson,25679576,3.5e+07,2
Mennan Yapo,47852604,2e+07,1
Menno Meyjes,7486906,2.7e+07,2
Meredyth Wilson,NaN,NaN,1
Michael A. Nickles,252,1600000,2
Michael Almereyda,NaN,NaN,1
Michael Apted,21737772,3.8e+07,2
"Michael Apted,Curtis Hanson",6002756,2e+07,1
Michael Barnett,NaN,NaN,1
Michael Baumgarten,NaN,250000,1
Michael Bay,217654244.625,147125000,8
Michael Berry,59306,NaN,1
Michael Brandt,NaN,13500000,1
Michael Bregman,NaN,9e+06,1
Michael Caleo,NaN,4e+06,1
Michael Campus,NaN,NaN,1
Michael Caton-Jones,14142551.5,6.5e+07,2
Michael Clancy,70527,6500000,1
Michael Corrente,200869,5950000,2
Michael Cristofer,16252765,4.2e+07,1
Michael Cuesta,639111.25,5800000,5
Michael D. Akers,NaN,NaN,1
Michael D. Sellers,71904,2500000,1
Michael Damian,NaN,5e+05,1
Michael Davis,12796824,3.9e+07,1
Michael Dowse,5546017.5,2.3e+07,2
"Michael Dunaway,Tara Wood",NaN,NaN,1
Michael Feifer,NaN,NaN,1
Michael Franti,NaN,NaN,1
Michael Grecco,NaN,230000,1
Michael Greenspan,4821,NaN,1
Michael Haneke,1294640,1.5e+07,1
Michael Hoffman,20411116.5,19250000,3
Michael Hurst,NaN,1e+06,1
Michael Ian Black,NaN,NaN,2
Michael J. Bassett,17529157,2e+07,1
Michael J. Gallagher,NaN,NaN,1
Michael J. Saul,NaN,NaN,1
Michael J. Weithorn,85789,NaN,2
Michael Jai White,NaN,3e+06,1
Michael Kang,47111,2500000,4
Michael Katleman,10596100,NaN,1
Michael Keaton,346286,5e+06,2
Michael Keusch,NaN,1.2e+07,3
Michael Knowles,10911,NaN,1
"Michael LaBash,Anthony Leondis",NaN,NaN,1
Michael Lander,NaN,NaN,1
Michael Landon Jr.,379643,2200000,1
Michael Lehmann,40290336,1.7e+07,2
Michael Lembeck,77259336.6666667,30666666.6666667,4
Michael Mann,79663944.5,101750000,4
Michael Mayer,11013863,10750000,2
Michael McCullers,60269340,3e+07,1
Michael Meredith,19348,1e+07,1
Michael Mohan,3755,NaN,1
Michael Moore,44803403,6333333.33333333,4
Michael Morrissey,NaN,NaN,2
Michael O. Sajbel,13391174,2e+07,1
Michael P. DiPaolo,NaN,NaN,1
Michael Patrick King,123983103,82500000,2
Michael Pavone,NaN,5333333.33333333,3
Michael Pellerin,NaN,NaN,2
Michael Polish,5819832,6316666.66666667,6
Michaël R. Roskam,10720322,12600000,1
Michael Radford,3752725,1.8e+07,2
Michael Rapaport,1200046,NaN,1
Michael Rossato-Bennett,150200,6e+05,1
Michael Rymer,30307804,3.5e+07,1
Michael Samonek,NaN,NaN,1
Michael Schroeder,NaN,NaN,1
Michael Schultz,6879730,NaN,1
Michael Showalter,181872,NaN,1
Michael Simon,NaN,NaN,1
"Michael Spierig,Peter Spierig",29975979,2e+07,2
Michael Staininger,NaN,8800000,1
Michael Sucsy,125014030,3e+07,1
Michael Tiddes,17314483,4e+06,1
Michael Tollin,35985688,34500000,2
Michael Traeger,15090,NaN,2
Michael W. Watkins,NaN,NaN,1
Michael Wilson,NaN,2e+05,1
Michael Winnick,NaN,2e+06,2
Michael Winterbottom,4693888,14500000,2
Michaline Babich,NaN,NaN,1
Michel Gondry,26082394.8333333,40750000,7
Michel Orion Scott,155984,160000,1
Michelle MacLaren,NaN,NaN,1
Michelle Pollino,NaN,50000,1
Mick Garris,101107,5e+06,1
Mickey Liddell,13350177,5e+06,1
Miguel Arteta,19906157.3333333,13850000,6
Miguel Sapochnik,13763130,3.2e+07,1
Mikael Håfström,33239881.6,36800000,5
Mike Barker,223144,2e+07,3
Mike Binder,19997673.6666667,12666666.6666667,3
"Mike Birbiglia,Seth Barrish",2263436,NaN,1
Mike Cahill,638135.333333333,1e+05,3
Mike Dacko,NaN,2000,1
Mike Davis,NaN,NaN,1
Mike Disa,10134754,20833333.3333333,3
Mike Elliott,NaN,7e+06,2
Mike Figgis,7576289.66666667,4e+06,3
Mike Flanagan,27689474,5e+06,1
Mike Judge,5626419,8e+06,2
"Mike McCoy,Scott Waugh",70011073,1.2e+07,1
Mike Million,NaN,NaN,2
Mike Mills,4663503.75,3400000,4
Mike Mitchell,104503262,81666666.6666667,3
Mike Nawrocki,12701880,1.5e+07,1
"Mike Nawrocki,Phil Vischer",25571351,1.4e+07,1
Mike Newell,112257671.5,1.15e+08,4
Mike Nichols,41507977.2,50800000,5
Mike Ott,13927,NaN,1
Mike White,1538703,NaN,1
Mimi Leder,33508922,3e+07,3
Mira Nair,11604583.2,31500000,5
Miranda July,2226750,1500000,4
Mitch Davis,4720371,7e+06,1
"Mitchell Altieri,Phil Flores",NaN,4e+06,5
Mitchell Lichtenstein,184573,NaN,2
Moonsung Lee,NaN,NaN,1
Morgan J. Freeman,NaN,1500000,2
Morgan Neville,4946250,1e+06,1
Morgan O'Neill,NaN,2.5e+07,2
Morgan Spurlock,3141851.5,782500,4
Mort Nathan,8586376,2e+07,1
Murray Robinson,NaN,NaN,1
Nadav Schirman,257779,NaN,1
Nadeem Soumah,NaN,NaN,1
Nae Caranfil,NaN,5e+06,1
Nancy Bardawil,NaN,NaN,1
Nancy Buirski,NaN,NaN,1
Nancy Criss,NaN,NaN,1
Nancy D. Kates,NaN,NaN,1
Nancy Meyers,103305687.25,83750000,4
Nancy Savoca,44830,NaN,1
Nanette Burstein,9368906,3.2e+07,2
"Nanette Burstein,Brett Morgen",1434436,NaN,1
"Nat Faxon,Jim Rash",21501098,5e+06,1
Natalie Portman,NaN,NaN,1
Nathan Adloff,NaN,NaN,1
Nathan Brunskill,NaN,NaN,1
Nathan Frankowski,7499617,3450000,2
"Nathan Greno,Byron Howard",200807262,2.6e+08,1
Nathan Hope,NaN,5e+05,1
Nathan Rissman,NaN,NaN,1
Nathaniel Kahn,2748981,NaN,2
Nayan Padrai,38261,NaN,2
Ned Benson,585640,3e+06,2
Ned Farr,NaN,250000,4
Neil Berkeley,NaN,NaN,2
Neil Burger,67519139.25,35750000,4
Neil Jordan,36789772,7e+07,1
Neil Kinsella,NaN,NaN,1
Neil LaBute,23608257,22500000,6
Neill Blomkamp,104348176,72500000,2
Nelson McCormick,36440360,2e+07,2
Nenad Cicin-Sain,NaN,NaN,1
Nia Vardalos,10060,3e+06,1
Nicholas DiBella,NaN,NaN,1
Nicholas Fackler,124720,5e+06,1
"Nicholas Filippi,Bret Haaland",NaN,NaN,1
Nicholas Hytner,17174870,1.8e+07,1
Nicholas Jarecki,7918283,1.2e+07,1
Nicholas Jasenovec,1269361,NaN,1
Nicholas Mastandrea,NaN,NaN,1
Nicholas McCarthy,NaN,NaN,1
Nicholas Mross,NaN,NaN,1
Nicholas Stoller,75625443.75,2.6e+07,4
Nicholaus Goossen,6088249,5e+06,2
"Nick August-Perna,Chris Dapkins",NaN,NaN,1
Nick Broomfield,NaN,NaN,1
"Nick Broomfield,Joan Churchill",85992,NaN,1
Nick Cassavetes,43882470.8,33750000,5
Nick Castle,NaN,1500000,1
Nick Delgado,NaN,75000,1
Nick Hamm,14334645,2.5e+07,1
Nick Hurran,20422207,25250000,2
Nick Lyon,NaN,3e+06,1
Nick Oceano,NaN,NaN,1
Nick Sherman,NaN,NaN,1
Nick Simon,NaN,NaN,1
Nick Stillwell,NaN,NaN,2
Nick Tomnay,48430,5e+05,2
Nico Soultanakis,NaN,NaN,1
Nicolas Brown,NaN,NaN,1
Nicolás López,40179,2e+06,1
Nicolas Winding Refn,12204013,8200000,3
Nicole Conn,NaN,175000,2
Nicole Holofcener,10141301.1666667,4600000,6
Nicole Kassell,20697,NaN,3
Niels Arden Oplev,10880926,3e+07,1
Niels Mueller,697759,NaN,1
Nigel Cole,21835784,3e+07,3
Niki Caro,18324242,3.5e+07,1
Nils Timm,NaN,NaN,1
Nima Nourizadeh,54724272,1.2e+07,1
Nimród Antal,28992136,28666666.6666667,3
Nir Paniry,NaN,NaN,1
Nnegest Likké,7059537,3e+06,1
Noah Baumbach,4872620.33333333,7166666.66666667,6
Noah Wagner,NaN,NaN,1
Noam Murro,57932999.5,1.1e+08,2
Nolan Lebovitz,NaN,NaN,1
Nora Ephron,55464025,63333333.3333333,3
"Norbert Caoili,Rob Portmann",NaN,NaN,1
Norman Jewison,50668906,3.8e+07,1
Olatunde Osunsanmi,25464480,1e+07,1
Ole Bornedal,49122319,1.4e+07,1
"Oliver Hirschbiegel,James McTeigue",15071514,8e+07,1
Oliver Stone,36502006.2857143,63866666.6666667,7
Olivia Silver,NaN,NaN,1
Olivier Dahan,NaN,20666666.6666667,3
Olivier Megaton,31316973,NaN,1
Omar Naim,548039,NaN,2
Omar Zúñiga Hidalgo,NaN,NaN,1
Ondi Timoner,73551,NaN,4
One9,109300,NaN,1
"Oren Goldman,Stav Ozdoba",NaN,NaN,2
Oren Jacoby,179507,NaN,1
Oren Kaplan,NaN,2500,2
Oren Moverman,340104,9250000,4
Oren Peli,107917283,2507500,2
Owen Hurley,NaN,NaN,3
P.J. Hogan,47034853.3333333,1e+08,4
P.J. Pesce,NaN,6300000,4
Pablo Proenza,NaN,1e+06,1
Paco Cabezas,NaN,2.1e+07,1
Paddy Breathnach,637769,NaN,1
Padraig Reynolds,NaN,NaN,2
Paris Mavroidis,NaN,10000,1
Pascal Laugier,NaN,18200000,1
Pat O'Connor,25178165,4e+07,1
Patricia Cardoso,5844929,3e+06,1
Patricia Foulkrod,12207,NaN,1
Patricia Riggen,7591993,5e+06,2
Patricia Rozema,17655201,1e+07,1
"Patrick Archibald,Jay Oliva",NaN,NaN,2
Patrick Brice,1100000,NaN,2
Patrick Coyle,NaN,NaN,1
Patrick Creadon,1586533.33333333,NaN,3
"Patrick Gilmore,Tim Johnson",26288320,6e+07,1
Patrick Hughes,39292022,9e+07,1
Patrick Lussier,25569180,22480000,5
"Patrick Paulson,Michael John Warren",728243,NaN,1
Patrick Sisam,NaN,NaN,1
Patrick Stettner,7825820,4e+06,1
Patrick Takaya Solomon,55518,NaN,1
Patrick Tatopoulos,45802315,3.5e+07,1
Patrick Wang,15724,NaN,1
Patrik Syversen,NaN,NaN,1
Patrik-Ian Polk,NaN,NaN,2
Patty Jenkins,34468224,4500000,1
Paul Abascal,15712072,2e+07,1
Paul Bettany,NaN,NaN,2
Paul Bright,NaN,NaN,1
Paul Etheredge,187786,NaN,2
Paul Feig,86396620.75,33833333.3333333,4
"Paul Fierlinger,Sandra Fierlinger",246574,NaN,2
Paul Greengrass,113980639.166667,68333333.3333333,6
Paul Haggis,26528336.5,22200000,6
Paul Hunter,23020488,5.2e+07,1
Paul Johansson,4563873,2e+07,2
Paul Justman,1600547,NaN,1
Paul Leyden,4156,NaN,1
"Paul Mariano,Kurt Norton",NaN,250000,1
Paul McGuigan,24734452,33250000,4
Paul Middleditch,NaN,2e+06,1
Paul Provenza,6377277,NaN,1
Paul Rachman,278785,NaN,1
Paul Scheuring,NaN,21800000,1
Paul Schneider,NaN,NaN,1
Paul Schrader,1069621.5,8e+06,4
Paul Sen,104286,NaN,2
Paul Solet,6174,5e+06,1
Paul Thomas Anderson,22034417.3333333,23333333.3333333,4
Paul Verhoeven,73209340,9.5e+07,1
Paul W.S. Anderson,47975463.3333333,63833333.3333333,6
Paul Weiland,46012734,4e+07,1
Paul Weitz,54540387.7142857,49666666.6666667,7
Paul Wimmer,NaN,NaN,1
Peggy Holmes,NaN,NaN,1
Penny Marshall,29781453,4.8e+07,1
Perry Andelin Blake,40363530,1.6e+07,1
"Pete Docter,Bob Peterson",292979556,1.75e+08,1
"Pete Docter,David Silverman",289907418,1.15e+08,1
Pete Jacelone,NaN,NaN,1
Pete Jones,119841,1500000,1
Pete McCormack,NaN,1800000,1
"Pete Michels,Peter Shin",NaN,NaN,1
Pete Travis,42833994.5,37500000,2
Peter Askin,NaN,NaN,1
Peter Avanzino,NaN,NaN,1
Peter Berg,99928026.5714286,89142857.1428571,7
Peter Billingsley,109176215,6e+07,1
Peter Bogdanovich,88460,NaN,1
Peter Bratt,NaN,3e+06,1
Peter Care,1779284,1.2e+07,1
Peter Cattaneo,6409206,1.5e+07,1
Peter Chelsom,48533964.25,49500000,4
Peter Chung,NaN,NaN,1
"Peter Chung,Andrew R. Jones",NaN,NaN,1
Peter Cornwell,55325526,NaN,1
Peter Engert,NaN,2500000,1
"Peter Getzels,Eduardo Lopez",57566,NaN,1
Peter Glanz,NaN,NaN,1
Peter Hanson,6764,NaN,1
Peter Hastings,16988996,3.5e+07,1
Peter Hedges,26052589.75,12650000,4
Peter Hewitt,43499469,3e+07,3
Peter Howitt,10965209,3e+07,1
Peter Hyams,1272017,33500000,4
Peter Jackson,234265091.142857,190285714.285714,7
"Peter John Ross,John Whitney",NaN,3e+05,1
Peter Joseph,NaN,2e+05,1
Peter Kosminsky,16346122,1.6e+07,1
Peter Lepeniotis,64238770,4.2e+07,1
"Peter Lord,Nick Park",106793915,4.5e+07,1
Peter M. Cohen,4142507,3e+06,1
Peter Markle,NaN,NaN,1
Peter Mervis,NaN,NaN,1
Peter Nicks,244092,NaN,1
Peter Paige,5203,650000,1
Peter Ramsey,103400692,1.45e+08,2
Peter Rodger,38244,1250000,1
Peter Sattler,9837,1e+06,1
Peter Segal,103696418.428571,65285714.2857143,7
Peter Sollett,31487293,9e+06,1
Peter Tolan,56408,NaN,1
Peter Wade,NaN,NaN,1
Peter Weir,33093729.3333333,1.5e+08,3
"Petra Epperlein,Michael Tucker",607502,NaN,1
Petter Næss,NaN,1.2e+07,1
Peyton Reed,83585433,56750000,4
Phedon Papamichael,NaN,NaN,1
Phil Alden Robinson,118471320,4.4e+07,2
"Phil Dorling,Ron Nyswaner",1641,NaN,1
Phil Dornfeld,NaN,NaN,1
"Phil Hay,Matt Manfredi",NaN,NaN,1
Phil Joanou,38432823,3e+07,1
"Phil Lord,Christopher Miller",191414236.666667,7e+07,3
Phil Morrison,2678010,1e+06,1
Phil Tippett,NaN,7e+06,1
Phil Traill,33860010,1.5e+07,1
Philip Adrian Booth,NaN,1500000,1
Philip Chidel,NaN,23000,1
Philip G. Atwell,22466994,2.5e+07,1
Philip Haas,2927319,NaN,1
Philip Kaufman,16127963,31750000,2
Philip Martin,NaN,NaN,1
Philip Rosenthal,83894,NaN,1
Philip Seymour Hoffman,538808,NaN,1
Philip Wang,NaN,NaN,2
Philip Zlotorynski,NaN,3e+06,1
Philipp Stölzl,NaN,NaN,1
Philippe Caland,1179327,5e+06,1
Philippe Diaz,15687,1e+06,4
Philippe Falardeau,2716989,2e+07,1
Philippe Martinez,NaN,7e+06,1
Phillip Dye,NaN,NaN,1
Phillip J. Roth,NaN,NaN,4
Phillip Montgomery,NaN,NaN,1
Phillip Noyce,45196993.3333333,51333333.3333333,3
Phyllida Lloyd,143704210,5.2e+07,1
Pierre Bagley,NaN,6500000,1
"Pierre Coffin,Chris Renaud",329200305,73666666.6666667,3
Pieter Jan Brugge,5763875,NaN,1
Pinchas Perry,NaN,NaN,1
Ping-Wen Wang,NaN,NaN,1
Pitof,40198710,1e+08,1
Po Chan,NaN,NaN,1
Po-Chih Leong,NaN,17500000,2
Prachya Pinkaew,NaN,1e+07,1
Preston A. Whitmore II,28065801,9300000,2
Q. Allan Brocka,220151,5e+05,1
"Q. Allan Brocka,Gregory Ecklund",NaN,NaN,2
Quentin Dupieux,45209,NaN,1
Quentin Lee,NaN,NaN,1
Quentin Tarantino,99703568.6666667,53333333.3333333,4
"Quentin Tarantino,Eli Roth",120523073,7.5e+07,1
R. Ellis Frazier,NaN,NaN,1
R.J. Cutler,3820700,NaN,1
Rachel Samuels,10958,NaN,1
Rachid Bouchareb,NaN,NaN,1
Raja Gosnell,102360305.285714,67714285.7142857,7
Ralph Ziman,NaN,NaN,1
Ramaa Mosley,6643,9e+05,1
Ramin Bahrani,630119.666666667,8e+06,6
Ramzi Abed,NaN,NaN,1
Randall Lobb,NaN,NaN,1
Randall Miller,999190.6,4100000,5
"Randall Rubin,Jonathan Schroder",NaN,1e+06,1
Randall Wallace,72240618.75,39250000,4
Randy Caspersen,NaN,NaN,1
Raul Garcia,NaN,NaN,1
Rawson Marshall Thurber,88257775.3333333,28500000,3
Ray Gower,NaN,NaN,2
Raymond De Felitta,3590753.75,6e+06,4
Raymond Salvatore Harmon,NaN,5000,1
Rebecca Cammisa,NaN,NaN,1
Rebecca Miller,738917,812500,3
Rebecca Thomas,NaN,NaN,1
"Reed Cowan,Steven Greenstreet",99851,2500000,1
Reggie Rock Bythewood,21701045,NaN,1
Regina Crosby,NaN,NaN,1
Reginald Hudlin,16930185,2.9e+07,2
Rene Perez,NaN,30000,1
Renée Chabria,NaN,NaN,1
Renny Harlin,19038776.7142857,36777777.7777778,10
Reverge Anselmo,NaN,NaN,1
"Rhode Montijo,Kenn Navarro",NaN,NaN,1
Rian Johnson,24502523,23333333.3333333,3
Ric Klass,NaN,NaN,1
Ric Roman Waugh,NaN,2900000,1
Rich Moore,189412677,1.65e+08,1
Rich Thorne,NaN,NaN,1
Richard Bates Jr.,NaN,NaN,1
Richard Benjamin,1646664,2e+07,1
Richard Brandes,NaN,NaN,1
Richard Clabaugh,NaN,3700000,1
Richard Donner,31082605.6666667,61333333.3333333,3
Richard Eyre,776691,1.5e+07,2
Richard Gabai,17011,NaN,1
"Richard Glatzer,Wash Westmoreland",18656400,5e+06,1
Richard Harrah,1785,1e+07,1
Richard Ingber,NaN,NaN,1
Richard Kelly,4080099.75,13625000,4
Richard LaGravenese,30133475.3333333,25500000,3
Richard Ledes,NaN,NaN,2
Richard LeMay,NaN,3000,2
Richard Levine,NaN,NaN,2
Richard Linklater,16578176.5454545,13155555.5555556,11
Richard Loncraine,13677537.75,2.8e+07,4
Richard Press,1510026,NaN,1
Richard Raaphorst,NaN,NaN,1
Richard Ramsey,993114,NaN,1
Richard Schenkman,NaN,446333.333333333,3
Richard Shepard,4774594.66666667,2e+07,3
Rick Bota,NaN,4e+06,2
Rick de Oliveira,3713002,8e+06,1
Rick Famuyiwa,23804835.5,1.1e+07,2
Rick Jacobson,17365,NaN,1
Rick Rosenthal,30259652,1.5e+07,1
"Ricki Stern,Anne Sundberg",2927972,NaN,1
"Ricky Gervais,Matthew Robinson",18439082,18500000,2
Ridley Scott,79772187.9166667,100090909.090909,12
Riley Stearns,NaN,NaN,1
Ringo Lam,NaN,1.7e+07,2
Ritesh Batra,4231500,1e+06,1
Rob Bowman,33734255,51500000,2
Rob Cohen,73693366,63142857.1428571,7
"Rob Epstein,Jeffrey Friedman",486059,1e+07,2
Rob Hardy,NaN,NaN,1
Rob Hedden,NaN,NaN,1
"Rob LaDuca,Robert C. Ramirez",NaN,NaN,1
Rob Letterman,42776259,1.12e+08,1
"Rob Letterman,Conrad Vernon",198332128,1.75e+08,1
Rob Lundsgaard,NaN,NaN,1
Rob Marshall,123286001.2,1.02e+08,5
Rob McKittrick,16101109,3e+06,1
Rob Meyer,NaN,NaN,1
Rob Minkoff,55420228.2,8.3e+07,5
Rob Pearlstein,NaN,NaN,1
Rob Pritts,23978402,1.1e+07,1
Rob Reiner,43227553,41600000,6
Rob Schmidt,29784,2e+06,1
Rob Thomas,3319109,6e+06,1
Rob VanAlkemade,196990,2e+06,1
Rob Walker,8406,NaN,1
Rob Zombie,45826694.5,1.5e+07,2
Robbie Pickering,48153,NaN,1
Robby Benson,320876,NaN,1
Robby D.,NaN,NaN,1
Robby Henson,844252,2433333.33333333,3
Robert Allan Ackerman,NaN,NaN,1
Robert Altman,9491835,1.3e+07,4
Robert B. Weide,NaN,NaN,1
Robert Barry Ptolemy,NaN,NaN,1
Robert Ben Garant,26609120,1e+07,2
Robert Benton,4755776.33333333,3e+07,3
Robert C. Cooper,NaN,NaN,1
Robert Collector,208565,NaN,1
Robert Davi,26157,NaN,1
Robert De Niro,59901040,9e+07,1
Robert Duvall,970185,NaN,1
Robert Edwards,NaN,1.8e+07,1
Robert Hall,NaN,1e+06,2
Robert Harari,NaN,NaN,1
Robert Harmon,367027,NaN,2
Robert Hiltzik,NaN,4e+06,1
Robert Iscove,12774769,12666666.6666667,3
Robert Kenner,2304762,NaN,2
Robert Kouba,NaN,20000,1
Robert Kurtzman,NaN,6e+06,1
Robert Lieberman,NaN,8500000,1
Robert Lorenz,35754555,NaN,1
Robert Luketic,60661932.1666667,51166666.6666667,6
Robert May,91512,NaN,1
Robert Moresco,53481,8e+06,1
Robert O'Geen,NaN,NaN,1
Robert Redford,16941913,47500000,3
Robert Rodriguez,58970986.125,34625000,9
"Robert Rodriguez,Eli Roth",25031037,5.3e+07,1
"Robert Schrock,Troy Christian",25526,NaN,1
Robert Schwentke,73484919,6.8e+07,5
Robert Shaye,21460590,NaN,1
Robert Stromberg,241407328,1.8e+08,1
Robert Towne,742614,NaN,1
Robert Vince,1246237,6750000,7
Robert Zemeckis,93959411.2,129200000,5
Roberto Faenza,NaN,8e+06,1
Roberts Gannaway,59157732,5e+07,1
"Roberts Gannaway,Peggy Holmes",NaN,3.5e+07,1
Robin Swicord,3573870,NaN,1
Robinson Devor,69032,NaN,1
Rock Baijnauth,NaN,NaN,1
Rod Hardy,46474,4e+06,1
Rod Lurie,9796205,26125000,4
Rodger Grossman,58776,NaN,1
Rodman Flender,267473,NaN,1
Rodney Ascher,259765,NaN,1
Rodrigo Cortés,1028658,3e+06,2
Rodrigo García,830410.333333333,11550000,4
Roel Reiné,NaN,1e+07,3
"Roger Allers,Gaëtan Brizzi",335030,1.2e+07,1
"Roger Allers,Jill Culton",84303558,8.5e+07,1
Roger Avary,6525762,4e+06,2
Roger Christian,21471685,4.4e+07,1
Roger Donaldson,20734692.25,1.9e+07,4
Roger Kumble,30053013,3.9e+07,5
Roger Michell,30993544,4e+07,2
Roger Nygard,NaN,NaN,1
Roger Ross Williams,NaN,NaN,1
Roger Spottiswoode,17785725,6.1e+07,2
Roland Emmerich,126811352,1.38e+08,5
Roland Joffé,1847596,26500000,2
Roland Suso Richter,NaN,8800000,2
Rolfe Kanefsky,NaN,250000,2
Roman Polanski,18653746,3.8e+07,1
"Ron Clements,John Musker",71247330.5,122500000,2
Ron Daniels,NaN,NaN,1
Ron Fricke,2601847,4e+06,2
Ron Howard,64320080.6666667,7.1e+07,9
Ron Krauss,1359563,5600000,2
Ron Maxwell,12870569,5.6e+07,1
Ron Oliver,668,NaN,1
Ron Pike,NaN,NaN,1
Ron Satlof,6103,1600000,1
Ron Shelton,16044174,3.5e+07,3
Ron Underwood,7258191.5,1e+08,2
Roque Ballesteros,NaN,NaN,1
Rory Kennedy,408700,NaN,1
Rosanna Arquette,NaN,6e+05,2
Rose Troche,319125,NaN,1
Ross Katz,104415,NaN,1
Rosser Goodman,16747,55000,2
Rowan Woods,NaN,NaN,1
Rowdy Herrington,2694071,NaN,1
Roy Knyrim,NaN,NaN,1
Ruben Fleischer,60793502,41800000,2
Rupert Sanders,155111815,1.7e+08,1
Rupert Wainwright,29511112,1.8e+07,1
Rupert Wyatt,105185935.5,5.9e+07,2
Russell Holt,3347439,7500000,1
Russell Mulcahy,50648679,3e+07,3
Russell P. Marleau,NaN,NaN,1
Ry Russo-Young,13617.5,NaN,2
Ryan Coogler,16097842,9e+05,1
Ryan Craig,NaN,NaN,3
Ryan Eslinger,NaN,2e+06,1
Ryan Fleck,2694973,7e+05,1
Ryan Gosling,43282,2e+06,1
Ryan Little,970459.5,780000,4
Ryan Murphy,43664454,3.6e+07,2
Ryan Phillippe,NaN,2500000,1
Ryan Piers Williams,NaN,NaN,1
Ryan R. Williams,NaN,NaN,1
Ryan Shiraki,10462,1.2e+07,2
Ryan Smith,NaN,650000,1
RZA,15608545,1.5e+07,1
S.R. Bindler,36497,6e+06,1
S.S. Wilson,NaN,5e+06,1
Sacha Gervasi,6002708,NaN,2
Sal Bardo,NaN,NaN,3
Salim Akil,30846431.5,11800000,2
Salomé Breziner,NaN,NaN,1
Salvador Litvak,428432,7e+05,2
Sam Bozzo,NaN,NaN,1
"Sam Cullman,Jennifer Grausman",215300,NaN,1
Sam Esmail,NaN,NaN,1
"Sam Fell,Robert Stevenhagen",50818750,6e+07,2
Sam Firstenberg,NaN,1700000,1
"Sam Green,Bill Siegel",560199,NaN,2
Sam Jaeger,15374,NaN,1
Sam Kadi,24296,NaN,1
Sam Levinson,NaN,4e+06,1
Sam Liu,NaN,3500000,5
"Sam Liu,Frank Paur",NaN,NaN,1
"Sam Liu,Lauren Montgomery",NaN,3500000,2
Sam McConnell,NaN,15000,1
Sam Mendes,103760444.285714,97428571.4285714,7
Sam Miller,52543632,13200000,1
Sam Raimi,233761617.666667,1.42e+08,6
Sam Weisman,27414902,3.1e+07,2
Sam Zalutsky,NaN,2e+05,1
Samuel Bayer,63059655,3.5e+07,1
Samuel Fischer,NaN,4200000,2
Sanaa Hamri,25678000,NaN,3
Sandi Simcha Dubowski,619612,NaN,1
Sandra Nettelbeck,NaN,8e+06,2
Sandy Tung,NaN,NaN,1
Sara Sugarman,29302097,1.5e+07,1
"Sarah Smith,Barry Cook",46440491,1e+08,1
"Saul Blinkoff,Elliot M. Bour",NaN,NaN,2
Savage Steve Holland,NaN,NaN,1
Scott Caan,914,NaN,1
Scott Coffey,16740,NaN,2
Scott Cooper,25394637,14500000,4
Scott Derrickson,58254186.75,33250000,4
Scott Featherstone,NaN,NaN,1
Scott Foley,NaN,5e+06,1
Scott Frank,15282611.5,2.2e+07,2
Scott Glosserman,38500,NaN,2
Scott Hamilton Kennedy,26012,NaN,1
Scott Hicks,31936672,2.8e+07,4
Scott Jeralds,NaN,NaN,1
Scott Maginnis,NaN,3e+05,1
Scott Marshall,5561,1e+07,1
"Scott McGehee,David Siegel",4111412.57142857,5800000,7
Scott Prendergast,83398,NaN,3
Scott Sanders,228477,2900000,1
Scott Speer,35057332,3.3e+07,1
Scott Stewart,28905545.3333333,29833333.3333333,3
Scott Teems,280343,NaN,1
Scott Thomas,NaN,1500000,2
Scott Walker,NaN,27220000,1
Scott Waugh,43568507,6.6e+07,1
Scott Wheeler,NaN,5e+05,1
Scott Wiper,3718,NaN,1
Scott Z. Burns,NaN,5e+06,1
Scott Ziehl,NaN,3750000,2
Sean Abley,NaN,NaN,1
Sean Anders,33247582.3333333,43666666.6666667,3
Sean Baker,87910,NaN,1
"Sean Baker,Shih-Ching Tsou",66892,3000,1
Sean Donnelly,NaN,NaN,1
Sean Durkin,2981638,NaN,2
"Sean Fine,Andrea Nix",111469,NaN,1
Sean MacLeod Phillips,23552772,NaN,1
Sean McConville,NaN,1800000,1
Sean McGinly,748363,NaN,2
Sean McNamara,21423646,1.2e+07,5
Sean Mullin,31849,NaN,1
Sean Penn,19036192,3e+07,2
Sebastián Cordero,125475,NaN,1
Sebastian Gutierrez,58610,NaN,3
Serge Rodnunsky,NaN,NaN,1
Seth Gordon,79446539.3333333,57500000,3
Seth Grossman,21298,3e+06,2
Seth Kearsley,23443124,3.4e+07,1
Seth MacFarlane,130622182.5,4.5e+07,2
Shainee Gabel,159171,NaN,1
Shana Feste,15986867.25,1.4e+07,4
Shane Acker,31743332,3e+07,1
Shane Black,206614054.5,107500000,2
Shane Carruth,421529,21333.3333333333,3
Shane Dax Taylor,9612,NaN,2
Shane Salerno,575775,2e+06,1
"Shari Springer Berman,Robert Pulcini",6842668.2,11333333.3333333,5
Shawn Christensen,2676,50000,2
Shawn Ku,77247,NaN,2
Shawn Levy,121163907.363636,78436363.6363636,11
Shawn Papazian,NaN,NaN,2
Shaz Bennett,NaN,15000,1
Shekhar Kapur,18306166,3.5e+07,1
Sheldon Lettich,NaN,1.2e+07,1
Sheldon Wilson,NaN,NaN,1
Shi-Zheng Chen,30041,NaN,1
Shinji Aramaki,NaN,NaN,1
Shira Piven,608852,NaN,1
Shirin Neshat,NaN,NaN,1
Shyam Madiraju,NaN,NaN,1
Sidney J. Furie,NaN,NaN,1
Sidney Lumet,5112939.66666667,16333333.3333333,3
Signe Baumane,22518,NaN,1
"Simon Barrett,Jason Eisener",21368,NaN,1
Simon Brand,NaN,4500000,1
Simon Curtis,14597405,NaN,1
Simon Fellows,NaN,13500000,2
"Simon Helberg,Jocelyn Towne",NaN,NaN,1
Simon Hunter,4724,2.5e+07,1
Simon Rumley,NaN,NaN,1
Simon Wells,39032067,1.15e+08,2
Simon West,58663702.2,5.1e+07,7
Simon Wincer,16170754,21150000,2
So Yong Kim,7282,NaN,2
Sofia Coppola,12460971.3333333,1.2e+07,7
Solve Sundsbo,NaN,NaN,1
Sophie Barthes,903148,NaN,3
Spencer Parsons,NaN,NaN,1
Spencer Susser,382946,7e+06,1
"Spike Brandt,Tony Cervone",NaN,NaN,2
Spike Jonze,41674703.3333333,47333333.3333333,3
"Spike Jonze,Lance Bangs",NaN,NaN,1
Spike Lee,16431278.5714286,24600000,8
Stacy Peralta,681428.5,NaN,3
Stacy Title,NaN,5e+06,1
Stanley Nelson,NaN,NaN,1
Stanley Tucci,641117,NaN,3
Stefan Forbes,60332,NaN,1
Stefan Ruzowitzky,65804,1.2e+07,1
Stefen Fangmeier,75030163,1e+08,1
Stéphane Laporte,NaN,NaN,1
Stephanie Soechtig,1538899,NaN,1
Stephanie Wang-Breal,NaN,NaN,1
Stephen Belber,631496.333333333,NaN,3
Stephen Carpenter,3100650,1.4e+07,1
Stephen Chbosky,17738570,1.3e+07,1
Stephen Cleary,NaN,NaN,1
Stephen Cone,NaN,NaN,1
Stephen Daldry,35871843,32333333.3333333,3
Stephen Deutsch,422897,NaN,1
Stephen Elliott,2760,2500000,1
Stephen Frears,18864358.5,19175000,2
Stephen Gaghan,30767327.5,37500000,2
Stephen Gyllenhaal,6497,NaN,1
Stephen Herek,16852912.6666667,2.9e+07,6
"Stephen Hillenburg,Mark Osborne",85416609,3e+07,1
Stephen Hopkins,16831229,3.5e+07,3
Stephen J. Anderson,97821064,NaN,1
"Stephen J. Anderson,Don Hall",26687172,3e+07,1
Stephen Judson,NaN,NaN,1
Stephen Kay,30665150,3e+07,2
Stephen Low,NaN,3e+06,3
Stephen Maddocks,NaN,NaN,1
Stephen Milburn Anderson,46451,7e+06,2
Stephen Norrington,66462600,7.8e+07,1
Stephen Purvis,NaN,NaN,2
Stephen S. Campanelli,NaN,5e+06,1
Stephen Sommers,150167630,1.75e+08,1
Stevan Mena,NaN,3600000,2
Steve 'Spaz' Williams,37371315,8e+07,1
Steve Anderson,19791,NaN,3
Steve Antin,39440655,5.5e+07,3
Steve Beck,30079316,3.5e+07,1
Steve Boyum,3101301,NaN,2
Steve Buscemi,236958.6,5e+05,5
Steve Carr,60871785,47775000,5
Steve Conrad,406252,8e+06,1
"Steve Hickner,Simon J. Smith",126597121,1.5e+08,1
Steve James,546086,153875,2
"Steve Martino,Mike Thurmeier",161317423,9.5e+07,2
Steve McQueen,56667870,2e+07,2
Steve Miner,NaN,1.8e+07,3
Steve Oedekerk,16033556,1e+07,1
Steve Pink,45050529.3333333,23833333.3333333,3
Steve Purcell,NaN,NaN,1
Steve Rash,1830475,10125000,6
Steve Shill,68261644,2e+07,1
Steve Stockman,45816,2400000,2
Steve Suh,NaN,50000,1
Steve Taylor,594904,1200000,1
Steve Woo,NaN,2e+06,1
"Steven Ascher,Jeanne Jordan",11167,NaN,1
Steven Bernstein,39850,2e+06,1
Steven Brill,51339203.4,47250000,5
Steven C. Miller,9672,50000,4
"Steven E. Gordon,Boyd Kirkland",NaN,NaN,1
Steven Goldmann,251775,NaN,1
Steven Jacobson,NaN,NaN,1
Steven Knight,698189.5,2e+07,2
Steven Quale,42575718,4e+07,1
Steven Sawalich,153205,NaN,2
Steven Schachter,NaN,NaN,1
Steven Shainberg,2133825.5,10400000,2
Steven Soderbergh,57894136.5384615,40335714.2857143,14
Steven Spielberg,130708771.545455,94272727.2727273,11
Steven Williford,NaN,NaN,1
Steven Zaillian,7221458,5.5e+07,1
Stewart Hendler,11956207,13333333.3333333,3
Stewart Wade,9467,NaN,2
"Stig Bergqvist,Paul Demeyer",76501438,3e+07,1
Stig Svendsen,NaN,2e+05,1
Stuart Acher,NaN,NaN,1
Stuart Baird,43119879,6e+07,1
Stuart Beattie,19059018,6.5e+07,1
Stuart Blumberg,1059239,NaN,1
Stuart Gillard,NaN,NaN,1
Stuart Gordon,99384.5,7500000,2
Stuart Townsend,223537,8e+06,1
Sue Kramer,59619,NaN,1
Sunu Gonera,1373400,NaN,1
Suny Behar,NaN,50000,1
Susan Froemke,NaN,NaN,1
"Susan Froemke,Matthew Heineman",97316,NaN,1
"Susan Koch,Jeff Werner",NaN,NaN,1
Susan Stroman,19377727,4.5e+07,1
Susanna Fogel,7563,NaN,1
Susannah Grant,15269668,NaN,2
Susanne Bier,1512723.5,2.3e+07,2
Sydney Pollack,72515360,8e+07,1
Sylvain White,42442088,19500000,3
Sylvester Stallone,71991714.6666667,51333333.3333333,3
T.C. Christensen,NaN,NaN,1
Taggart Siegel,12376,NaN,2
Takashi Shimizu,74659855,1.5e+07,2
Talia Lugacy,13361,NaN,1
Tamara Jenkins,6610326,NaN,1
Tammi Sutton,NaN,NaN,1
Tamra Davis,256242,NaN,1
Tannaz Hazemi,NaN,NaN,1
Tanya Hamilton,75795,NaN,1
Tarsem Singh,52999535.5,64333333.3333333,4
Tate Taylor,123308371.333333,26666666.6666667,3
Tatia Pilieva,NaN,NaN,1
Taylor Hackford,16781272.3333333,41666666.6666667,3
Taylor Sheridan,NaN,NaN,1
Ted Braun,107841,NaN,1
Ted Chung,NaN,NaN,1
Ted Demme,52937130,3e+07,1
Ted Koland,1842,1500000,1
Ted Nicolaou,NaN,NaN,1
Tennyson Bardwell,38846,185000,2
Terence Nance,65975,NaN,1
Terrence Malick,8867235,3.1e+07,3
Terry Cunningham,NaN,NaN,1
Terry George,101440,1.1e+07,1
Terry Gilliam,19059538,48250000,2
Terry Kinney,21291,NaN,1
Terry M. West,NaN,NaN,1
Terry Zwigoff,31677277.5,1.8e+07,2
Thad T. Smith,NaN,720000,1
Thom Fitzgerald,NaN,2917341.97730956,2
Thomas Bezucha,9914952.66666667,18500000,3
Thomas Carter,62806443.6666667,19333333.3333333,3
Thomas Gomez Durham,NaN,750000,1
Thomas Jane,NaN,4e+06,1
Thomas S. Hammock,NaN,NaN,1
Thomas Vinterberg,NaN,NaN,1
Thomas Whelan,NaN,2e+06,1
Thor Freudenthal,68527744.6666667,46666666.6666667,3
Ti West,62399.6666666667,5130000,5
Tibor Takács,NaN,7e+06,1
Tim Allen,64438,NaN,1
Tim Blake Nelson,5530951.66666667,6333333.33333333,3
Tim Burton,113572793.222222,85444444.4444444,9
"Tim Burton,Mike Johnson",53337608,4e+07,1
Tim Chambers,1889522,7e+06,1
Tim Disney,552933,NaN,2
Tim Fywell,24381334,NaN,1
Tim Garrick,NaN,3e+06,1
Tim Hamilton,NaN,1.5e+07,2
"Tim Hetherington,Sebastian Junger",1330894,NaN,1
Tim Hill,87680975.6666667,3.6e+07,3
Tim Hunter,NaN,6800000,1
Tim Iacofano,NaN,NaN,1
"Tim Johnson,Karey Kirkpatrick",155019340,8e+07,1
Tim King,NaN,NaN,2
Tim Kirkman,NaN,5e+05,1
Tim Maltby,NaN,NaN,1
Tim Matheson,NaN,NaN,2
Tim McCanlies,41407470,3e+07,2
Tim McCann,NaN,3200000,1
Tim Story,93193257.6666667,54833333.3333333,6
Tim Sullivan,NaN,3e+06,1
Tim Wheeler,NaN,NaN,1
Timothy Armstrong,119782,NaN,1
Timothy Hines,14616,1.2e+07,1
Timothy Lanzone,NaN,NaN,1
Timothy Linh Bui,NaN,NaN,3
Timur Bekmambetov,86042429,7.2e+07,2
"Tina Mascara,Guido Santi",212814,NaN,2
Tobe Hooper,NaN,2800000,1
Toby Wilkins,NaN,NaN,2
Tod Harrison Williams,NaN,NaN,1
Tod Williams,3835551,NaN,1
Todd Berger,38100,NaN,1
Todd Field,25765560.6666667,9800000,3
Todd Graff,12584554.6666667,22500000,3
Todd Haynes,9928054.5,16750000,2
Todd Holland,13922019,NaN,1
Todd Kessler,NaN,NaN,1
Todd Komarnicki,NaN,NaN,1
Todd Lincoln,4930798,1.7e+07,2
Todd Louiso,147769,1e+06,2
Todd Phillips,121554572.555556,51955555.5555556,9
Todd Solondz,600150,2e+06,7
Todd Stephens,379076,5e+05,2
Todd Strauss-Schulson,35033759,1.9e+07,1
Todd Verow,NaN,NaN,1
Todd Wade,NaN,46000,1
Todor Chapkanov,NaN,NaN,1
Tom Brady,19812422.8,1e+07,5
Tom Dey,53416799.3333333,61666666.6666667,3
Tom DiCillo,162304,5e+06,2
"Tom Dolby,Tom Williams",6120,NaN,1
Tom Donahue,7900,NaN,1
Tom Ford,9166863,7e+06,1
Tom Gibbons,NaN,NaN,1
Tom Gormican,26049082,8e+06,1
Tom Gustafson,103111,NaN,1
Tom Hanks,35565975,3e+07,1
Tom Hooper,148775460,6.1e+07,2
Tom Kalin,434417,4600000,2
"Tom Kuntz,Mike Maguire",NaN,NaN,1
Tom McCarthy,8194740,5e+05,3
Tom McGrath,148337537,1.3e+08,2
Tom Owens,NaN,NaN,1
Tom Putnam,27696,9e+06,1
Tom Quinn,NaN,NaN,1
Tom Seidman,NaN,250000,1
Tom Shadyac,171439635,1.28e+08,2
Tom Shepard,NaN,NaN,1
"Tom Tykwer,Lana Wachowski",27098580,1.02e+08,1
Tom Vaughan,46065803,3.3e+07,4
"Tomm Coker,David Elliot",NaN,NaN,1
Tommy Lee Jones,4158477.66666667,15333333.3333333,3
Tommy Lee Wallace,NaN,NaN,1
Tommy O'Haver,17236968,19666666.6666667,3
Tommy Pallotta,NaN,NaN,1
Tommy Wirkola,55682070,5e+07,1
Tommy Wiseau,NaN,6e+06,1
Tony Bill,13082288,6e+07,1
"Tony Craig,Roberts Gannaway",NaN,NaN,1
Tony Gilroy,67583511.3333333,7e+07,3
Tony Goldwyn,13125108.5,1.7e+07,4
"Tony Kaplan,Erica Milsom",NaN,NaN,1
Tony Kaye,47492,NaN,2
Tony Krantz,NaN,1.7e+07,3
Tony McNamara,4631,NaN,1
Tony Scott,51872301.4285714,80285714.2857143,7
Tony Spiridakis,NaN,NaN,2
Travis Fine,200002,NaN,1
Travis Fort,NaN,250000,1
Travis Mathews,NaN,NaN,2
Trent Cooper,15655665,4e+06,2
Trevor White,NaN,2e+06,1
Trey Nelson,NaN,NaN,1
Trey Parker,32774834,3e+07,1
Trey Stokes,NaN,NaN,1
Tripp Reed,NaN,NaN,3
Trish Sie,14897580,4.5e+07,1
Tristan Patterson,NaN,3e+06,1
Tristram Shapeero,NaN,NaN,1
Troy Byer,21897389,NaN,1
Troy Duffy,10269307,8e+06,1
Troy Miller,26096584,1.9e+07,1
Troy Quane,NaN,NaN,1
Tuck Tucker,13684949,3e+06,1
Turk Pipkin,9508,NaN,1
Tyler Glodt,NaN,NaN,1
"Tyler Measom,Justin Weinstein",124031,NaN,1
Tyler Oliver,NaN,1300000,1
Tyler Perry,49178923.0769231,14625000,13
Tyler Shields,NaN,8e+06,1
Tze Chun,8992,NaN,1
Udayan Prasad,317040,15500000,1
Uli Edel,13555988,2.2e+07,1
Uwe Boll,6920319.4,22833526.2792313,8
Vadim Perelman,6654462,11500000,2
Vera Farmiga,841206,NaN,1
Vic Armstrong,13998282,1.6e+07,1
Vicky Jenson,6373693,1.5e+07,1
"Victor Cook,Mike Disa",NaN,NaN,1
"Victor Cook,Rob LaDuca",NaN,NaN,1
"Victor Cook,Toby Shelton",NaN,NaN,1
Víctor García,NaN,2675000,4
Victor Levin,116400,NaN,1
Victor Salva,1055654,1e+07,4
Vikram Gandhi,131417,NaN,1
Vince Di Meglio,NaN,8e+06,2
Vince Vieluf,NaN,1e+06,1
Vincent Gallo,365734,1e+07,1
Vincent Scordia,NaN,4e+05,1
Vincenzo Natali,16999046,2.6e+07,2
Vivi Friedman,3658,NaN,1
Vlad Yudin,849521,5e+06,2
Vondie Curtis-Hall,12795783,2.2e+07,2
Wallace Wolodarsky,10198766,1.2e+07,1
Wally Pfister,23014504,1e+08,1
Walt Becker,79564320.3333333,20500000,4
Walter Hill,10455423.3333333,43333333.3333333,3
"Walter P. Martishius,William Lau",NaN,NaN,1
Walter Salles,17221229,28333333.3333333,3
Wayne Beach,1181197,15500000,1
Wayne Kramer,5184388.66666667,13066666.6666667,3
Wayne Wang,23735030.4285714,3.8e+07,8
Wendy Jo Carlton,NaN,2e+05,2
Werner Herzog,2303322.4,8500000,7
Wes Anderson,35639445.1666667,28250000,6
Wes Ball,102413606,3.4e+07,1
Wes Craven,43821292.8,33200000,5
"Wesley Chan,Ted Fu",NaN,NaN,1
Whit Stillman,1007535,NaN,2
Wil Shriner,8080116,1.5e+07,1
Will Canon,NaN,3e+06,2
"Will Finn,Daniel St. Pierre",8460990,7e+07,1
"Will Finn,John Sanford",50026353,1.1e+08,1
Will Geiger,NaN,NaN,1
Will Gluck,60651606.6,38600000,5
"Will Meugniot,Dick Sebast",NaN,NaN,1
"William Arntz,Betsy Chasse",10941801,NaN,1
William Bindley,508867,NaN,2
William Brent Bell,38161674.5,5e+06,2
William Dear,1089445,12500000,3
William Eubank,NaN,4e+06,1
William Friedkin,21308740.2,28200000,5
William Gazecki,NaN,250000,1
William H. Macy,37440,5e+06,1
William H. Nutsack,NaN,NaN,1
William Kaufman,NaN,6e+06,4
William Lau,NaN,NaN,2
William Malone,13208023,4.2e+07,2
William Olsson,NaN,NaN,1
Willy Appleman,NaN,11000,1
Wim Wenders,NaN,NaN,2
Wolfgang Petersen,96941925.5,167500000,2
Woody Allen,16182146.4705882,17164285.7142857,17
Wych Kaosayananda,14294842,7e+07,1
Xan Cassavetes,14325,NaN,1
Xavier Gens,13243842.6666667,1e+07,3
"Y. David Chung,Matt Dibble",NaN,150000,1
Yam Laranas,NaN,5e+06,1
Yann Samuell,NaN,NaN,1
Yaron Zilberman,1561577,NaN,1
"Yasuhiro Aoki,Yûichirô Hayashi",NaN,3500000,1
Yen Tan,48498,NaN,2
Yossi Wein,NaN,NaN,1
Yûgô Sakô,NaN,NaN,1
Zach Braff,15185077.5,4250000,2
"Zach Cregger,Trevor Moore",4542775,6e+06,1
Zach Helm,32059442,6.5e+07,1
Zach Lipovsky,NaN,NaN,2
Zachary Heinzerling,199274,NaN,2
"Zack Finfrock,Julian Higgins",NaN,NaN,1
Zack Snyder,140234504,116400000,5
Zak Penn,114669,5400000,3
Zak Tucker,61408,NaN,2
"Zana Briski,Ross Kauffman",3410863,NaN,2
Zatella Beatty,NaN,NaN,1
Zev Berman,NaN,NaN,1
Zhao Liu,NaN,3500,1
Zoe Clarke-Williams,28658,NaN,1
Zoe R. Cassavetes,955625,2e+06,1
NA,24937512.7080745,11538017.3955079,1695
